Source_0,Source_1,Source_2,Source_3,Source_4,Source_5,Source_6,Source_7,TYPE
-0.050941,-0.058654,-0.099955,0.164346,0.047757,-0.133202,-0.117233,-0.069096,0
-0.012354,0.062895,-0.032378,-0.000839,0.068405,0.024569,0.101165,-0.015328,0
0.021976,0.012797,-0.035374,0.051528,-0.003331,0.030597,0.061229,0.026326,0
-0.031326,-0.072101,0.001731,0.019082,-0.004851,-0.001627,-0.067761,-0.005239,0
-0.075119,0.07493,-0.029537,0.037542,-0.033626,0.039289,0.031421,-0.02957,0
-0.016669,-0.01132,-0.028607,0.001378,0.012119,-0.058031,-0.044706,0.010535,0
-0.036828,-0.009804,-0.060649,-0.004564,0.053646,0.016656,0.000078,0.000618,0
0.032502,-0.045275,-0.009953,0.028937,-0.016258,-0.029307,-0.010722,-0.010883,0
0.01626,-0.042516,-0.028967,-0.013478,-0.015727,-0.015145,-0.035664,0.016638,0
0.131851,0.00682,-0.048441,-0.081156,-0.042121,-0.079965,-0.023282,-0.019472,0
0.038234,0.004463,-0.041198,-0.041628,0.010902,0.004677,-0.008776,0.013419,0
-0.012583,-0.018535,-0.057989,0.006656,0.033633,-0.043252,-0.038737,-0.015252,0
0.003686,-0.076303,0.02408,0.063682,-0.171916,0.04167,0.041435,-0.271835,0
0.002175,-0.028553,0.001838,0.009275,-0.048828,0.064012,0.036897,0.033065,0
0.012523,-0.03493,-0.044679,-0.030365,-0.049203,-0.003565,-0.038731,0.020411,0
-0.005951,-0.069631,-0.041652,-0.029598,0.007134,0.059396,-0.086788,0.033436,0
0.015003,-0.011185,-0.037011,-0.020709,0.037913,-0.03181,-0.038785,-0.020112,0
0.04905,-0.036283,-0.066424,0.006482,-0.010323,-0.061835,0.005836,-0.024691,0
0.004002,-0.042659,-0.048956,0.050738,0.149587,0.002797,0.012598,-0.06081,0
-0.036411,0.009639,-0.008227,0.008903,-0.007094,-0.032675,0.004416,0.014033,1
-0.027085,-0.004252,-0.012334,0.007407,-0.014361,-0.027176,0.007244,0.040044,1
-0.03502,0.027575,0.069885,0.010283,0.03124,-0.032777,0.007703,-0.011928,1
-0.053748,-0.027686,-0.052558,0.047234,-0.029866,-0.04687,-0.023793,0.010211,0
0.071844,0.010503,-0.059612,-0.014321,0.1628,-0.022307,0.103823,-0.07654,0
0.034102,-0.117223,-0.064621,0.090798,0.175918,-0.075678,-0.024709,-0.036276,0
-0.029512,-0.049294,-0.050041,0.108362,-0.025021,-0.043276,-0.056822,-0.04318,0
-0.011448,-0.023722,-0.073891,-0.050582,-0.010101,-0.013,-0.080101,0.016564,0
0.015444,0.040716,-0.020908,0.012913,-0.047363,0.018126,0.013099,-0.056431,0
-0.063856,-0.086688,-0.080976,-0.026153,0.065778,0.041762,-0.159774,0.008696,0
-0.061893,0.016604,-0.029599,0.025815,-0.026307,-0.001957,0.009416,-0.040554,0
0.025986,-0.028336,-0.062358,0.033629,0.00058,0.029031,-0.054209,-0.000514,0
-0.081802,-0.057295,-0.032173,-0.0017,0.08923,-0.006648,-0.171412,-0.005824,0
0.056318,-0.033244,-0.040208,0.02096,-0.020868,-0.001624,0.023581,0.003097,0
-0.004444,-0.059598,-0.039121,0.034996,0.058048,0.082686,0.048665,0.045473,0
0.008406,-0.007702,-0.070055,-0.009286,0.013664,-0.052141,0.012673,0.013747,0
-0.006225,-0.020267,-0.046301,-0.003292,-0.00014,0.015357,-0.00155,0.016492,0
-0.05002,-0.025861,-0.034712,-0.037386,-0.000439,0.034952,-0.08666,0.006287,0
0.009301,0.007592,0.032986,-0.010117,-0.030827,-0.002302,0.058615,-0.005919,1
0.064596,-0.045716,0.093965,0.106093,-0.127344,0.062527,0.049947,-0.068031,0
-0.04257,-0.041625,-0.021364,0.001687,0.014153,0.031368,-0.045186,0.070616,0
0.015988,-0.007651,-0.017481,-0.032407,0.018317,0.003192,-0.021882,0.042435,0
0.04632,0.021031,-0.014782,-0.083575,0.007309,-0.036488,-0.082188,-0.014664,0
-0.096496,-0.086436,-0.05413,0.029912,-0.004206,0.076923,-0.140448,-0.130332,0
-0.006499,-0.047216,-0.02901,0.007446,0.03134,-0.016665,-0.042978,0.03217,0
-0.018557,-0.026785,-0.030189,-0.029398,0.026474,0.020127,-0.060335,0.067508,0
-0.03681,-0.012346,-0.043921,0.052513,0.007022,0.006437,0.040055,0.001114,0
-0.016231,0.030275,0.084672,-0.027313,0.07068,0.008767,-0.024597,0.015178,1
0.014103,0.000105,-0.029924,-0.023769,0.000759,-0.037687,-0.028703,0.022063,0
-0.022649,0.013578,0.001379,-0.001869,0.006242,-0.04127,-0.014858,0.016853,1
0.030804,-0.000417,-0.015099,-0.045274,-0.014417,0.001391,-0.017808,0.018742,1
0.009007,-0.028017,0.048969,0.012378,-0.000128,0.029972,0.002762,0.019131,1
-0.016225,0.026162,-0.012148,-0.027291,-0.01374,-0.021477,0.003398,0.018184,1
-0.01852,-0.011418,0.031747,0.015111,0.014586,0.014163,0.008884,0.056827,1
0.032821,0.037587,-0.034995,0.05028,-0.06624,-0.009246,0.015608,0.008362,0
0.019322,-0.00455,-0.036916,-0.035999,0.017286,0.001586,-0.013308,0.025494,0
-0.007352,-0.015568,0.042323,0.015663,0.009772,0.009105,0.004632,0.027136,1
0.053783,-0.008812,-0.063509,0.050807,0.089818,-0.069457,0.052245,-0.041332,0
0.039356,-0.023934,-0.034514,-0.005277,-0.007488,-0.024689,-0.007091,0.015352,0
-0.004581,-0.015717,0.03555,0.026494,-0.012404,0.018266,0.022566,0.023816,1
-0.045544,0.045525,0.072267,-0.005358,0.06731,-0.027044,-0.011649,0.016826,1
-0.012302,0.00043,0.07854,0.037643,0.001081,-0.023452,0.013774,-0.033768,1
0.008425,-0.007145,0.09805,-0.026239,0.040924,0.025505,-0.020948,-0.04782,1
0.021331,-0.063017,-0.009981,0.034388,-0.03788,-0.012792,-0.02153,-0.049451,0
-0.015639,0.024996,0.07896,-0.005799,0.017141,-0.040611,-0.003804,-0.077418,1
0.01152,-0.05972,-0.018655,-0.009743,0.044781,0.004631,-0.076662,0.016602,0
0.048709,-0.029457,-0.037072,-0.018105,-0.027341,-0.00374,-0.007845,0.025262,0
0.049587,0.025784,0.050785,-0.066721,0.020601,-0.014603,-0.032758,-0.032352,1
0.006914,-0.003094,0.042004,-0.001749,0.007976,0.004335,0.010025,0.026527,1
0.003269,0.008474,0.068286,-0.006936,0.034787,-0.011944,-0.010518,-0.001533,1
-0.011393,0.008287,0.021851,0.0127,-0.01344,-0.00736,0.034564,0.041596,1
-0.04115,-0.035583,-0.037936,0.055357,0.078177,0.041955,-0.019823,-0.010492,0
-0.025027,-0.010788,0.099072,0.044834,0.017917,-0.011783,0.027529,-0.027614,1
0.059797,-0.064187,-0.058085,0.0305,0.051435,-0.018701,0.023805,0.012261,0
-0.055215,-0.019847,-0.029623,0.015077,0.011085,-0.019209,-0.028132,0.038083,0
0.000252,0.012025,0.005117,-0.01082,0.002488,-0.033898,0.000806,0.013455,1
-0.003742,-0.022806,-0.01028,0.055554,0.00289,0.004152,-0.013862,-0.004096,0
-0.032573,0.018242,0.014257,0.052105,-0.05219,-0.057351,0.056312,-0.002259,1
0.028536,-0.013894,-0.048811,0.149278,-0.02134,-0.051733,-0.009389,0.052751,0
0.021628,-0.048789,-0.065592,0.056474,-0.138347,0.010463,0.002073,-0.123887,0
0.015137,0.004631,-0.000932,-0.010739,-0.019172,-0.028313,0.012092,0.017497,1
0.05618,0.013036,0.009631,-0.051663,-0.012488,-0.034861,-0.031028,-0.029006,1
-0.00804,0.009107,-0.027787,-0.016779,-0.030751,-0.047597,-0.002708,0.020602,1
-0.073788,0.064171,-0.063132,-0.046363,0.036096,0.142124,0.017972,-0.134364,0
0.01609,-0.021824,-0.0025,-0.012731,-0.105568,0.072855,0.070718,-0.126878,0
0.007469,0.035674,-0.007231,-0.039473,0.002034,-0.055183,-0.021734,-0.001533,1
-0.011182,0.025045,-0.05327,-0.001212,0.01748,-0.011298,-0.013268,-0.053894,0
0.014691,-0.018057,-0.004309,-0.01288,-0.041539,0.000397,-0.003914,-0.041489,0
-0.013605,-0.033744,-0.051833,0.011393,0.049089,0.065015,0.015226,0.058813,0
0.022759,-0.011704,0.005672,-0.033686,-0.01344,0.000385,-0.026215,-0.000644,1
-0.043465,-0.018553,-0.005365,0.047095,-0.039839,-0.019037,0.009562,-0.006726,1
0.037608,-0.02681,0.0041,0.006813,-0.032005,0.035654,0.03527,0.050971,1
0.004723,-0.028887,-0.001615,0.017402,-0.039619,0.049126,0.04663,0.063472,0
-0.019413,0.013798,-0.012967,-0.000441,0.021649,-0.05181,-0.028896,-0.01233,1
0.014004,0.007274,-0.007513,-0.01707,-0.019899,-0.027898,0.003943,0.0009,1
-0.028016,-0.058538,-0.021519,0.044744,-0.010038,0.004591,-0.008096,0.00804,0
0.029957,0.043612,-0.044641,-0.013865,-0.000412,0.039408,0.037531,-0.024435,0
-0.001587,-0.013054,0.044691,0.022094,-0.025335,-0.003272,0.037297,-0.002288,1
0.02113,-0.000063,0.071229,-0.020017,0.020412,0.001738,-0.003417,-0.029188,1
-0.033013,0.021656,0.015253,0.009675,0.013057,-0.043507,0.002593,0.030053,1
0.026421,0.011233,-0.036174,-0.049519,-0.034846,-0.037181,-0.014258,-0.035286,0
0.061569,-0.028842,-0.016295,-0.019595,0.009545,0.000887,-0.033965,0.021789,0
-0.037503,0.062833,0.108238,-0.045223,0.09479,-0.01202,-0.039837,-0.050336,1
0.062461,0.044882,-0.007479,-0.079412,-0.010796,-0.035827,-0.020939,0.000681,1
0.009113,0.006269,0.042639,-0.033607,0.023724,-0.002976,-0.029227,0.006452,1
0.003502,-0.018598,0.061429,0.011764,0.006337,0.007333,0.00497,0.000618,1
0.001178,-0.0173,-0.028332,0.025017,-0.001961,-0.067329,-0.009229,0.01658,0
0.036827,0.024708,0.001117,-0.050715,-0.015257,-0.051609,-0.028052,-0.033088,1
0.028633,0.029734,-0.007189,-0.047049,-0.00766,-0.029092,-0.001449,0.035425,1
-0.05155,-0.003439,-0.082667,0.07985,0.010408,0.01837,-0.095027,-0.125241,0
0.016454,-0.004971,0.018194,-0.031369,0.020221,0.007535,-0.03268,0.032789,1
-0.020356,-0.005989,0.069864,0.004919,0.025229,-0.004113,-0.016036,-0.029923,1
0.005024,-0.036793,0.031943,0.004887,-0.041758,0.009524,0.02741,-0.024251,1
-0.005579,-0.05304,-0.005457,0.030111,-0.08366,-0.007773,0.041042,-0.027087,1
0.011052,-0.03746,0.069017,0.0261,-0.010556,0.013642,0.034672,0.003604,1
-0.046586,0.012839,0.071212,-0.007983,0.066923,0.011674,-0.035761,0.026387,1
0.010522,-0.032112,0.02864,0.012094,0.011352,0.02124,-0.00273,0.049194,1
-0.03841,-0.021701,0.105701,0.029253,0.021676,0.005925,0.02786,-0.052443,1
-0.004921,-0.008296,-0.067905,-0.010388,0.007828,-0.069228,-0.04711,-0.014371,0
0.059513,-0.05486,-0.037871,0.036597,-0.006935,-0.025691,0.032544,0.015187,0
0.01312,0.042047,-0.030189,-0.024156,-0.01751,0.012548,0.034479,-0.010989,0
-0.051283,0.037283,0.004883,-0.003494,0.025382,-0.057743,-0.013481,0.025355,1
0.01696,0.041736,-0.04325,0.02283,-0.013103,-0.031593,0.021763,-0.043867,0
0.059017,0.149039,-0.046142,0.114883,-0.153576,0.056569,-0.037638,-0.017835,0
-0.036854,0.039425,-0.027393,0.008464,-0.038255,-0.069015,0.028587,0.002018,1
0.003837,0.024923,-0.004695,-0.018823,-0.022799,-0.031101,0.029127,0.020078,1
-0.019414,0.01253,-0.014473,-0.017346,-0.001604,-0.011638,-0.001747,0.031814,1
-0.004372,-0.030659,-0.039015,-0.056345,0.036759,0.031437,-0.089001,0.041095,0
-0.03514,0.039545,-0.026964,-0.002313,0.004633,0.033445,0.00186,-0.059514,0
-0.007003,-0.020653,-0.011731,0.058989,-0.076229,-0.023466,0.05356,0.032912,1
0.04738,0.025354,-0.058705,-0.025919,-0.017901,0.046705,0.056051,0.033076,0
-0.062261,0.005619,0.005612,0.004801,0.002857,-0.029795,-0.019551,0.002326,1
0.009715,-0.029341,-0.03401,0.026922,0.007896,-0.021754,0.012033,0.021189,0
0.02109,-0.008496,-0.05488,-0.023983,-0.005607,-0.013899,-0.014494,-0.000369,0
-0.041985,0.031678,-0.035472,-0.00198,-0.0227,-0.029205,0.021409,0.015839,1
0.03386,0.023504,-0.044145,-0.018282,0.020459,0.00657,0.033158,-0.020644,0
0.060329,0.014312,-0.009689,-0.056754,-0.007407,-0.014655,-0.014335,0.020603,0
0.01561,0.017371,0.028416,-0.022231,-0.017757,-0.051196,-0.018196,-0.084476,1
-0.005424,0.030086,0.01348,-0.021227,0.00453,-0.03579,-0.007933,0.02325,1
-0.023278,-0.051334,0.020083,0.097949,-0.055627,-0.018964,-0.053453,-0.101174,0
-0.00998,0.009007,0.039193,0.04022,-0.018597,-0.045244,0.032797,0.01664,1
-0.047617,0.028953,0.061222,0.017876,0.04644,-0.02453,0.005737,0.033108,1
0.018684,-0.004601,-0.030239,0.037293,-0.01033,-0.039193,-0.003109,-0.020848,0
0.03132,0.02368,0.011953,-0.035643,-0.012876,-0.053688,-0.013024,-0.030676,1
-0.035605,0.001623,-0.010685,-0.006313,0.001403,-0.021824,-0.018414,0.024302,1
-0.024016,0.020243,0.035375,-0.010451,0.022216,-0.027527,-0.020099,-0.00454,1
-0.038576,-0.023466,0.034669,0.046063,-0.019426,-0.021708,0.023461,-0.002143,1
0.02575,0.009648,-0.013816,-0.022731,-0.021951,-0.071594,-0.022742,-0.023714,0
0.016526,0.001404,-0.007413,-0.000986,-0.062956,-0.02166,0.029966,-0.038642,1
-0.064445,0.000318,-0.022566,0.002753,-0.012796,-0.008675,-0.012617,0.016582,1
-0.004398,0.000116,0.000414,0.006203,-0.006464,-0.005422,0.029465,0.046413,1
0.013267,-0.030761,0.034091,0.030176,-0.028125,0.016921,0.027848,0.01812,1
0.043712,0.026406,0.075651,-0.059783,0.041414,-0.003282,-0.022477,-0.022516,1
0.008285,0.000808,0.083789,0.037532,-0.015017,-0.041376,-0.002179,-0.08557,1
-0.030501,0.022614,0.036613,0.014522,0.012467,-0.033028,0.016785,0.024817,1
-0.031362,0.007069,-0.007823,0.005517,-0.00238,-0.025281,-0.007117,0.028394,1
0.01376,0.015279,0.00593,-0.022641,-0.002534,-0.024405,0.000078,0.024498,1
0.051459,-0.013476,-0.01793,0.0737,-0.071275,-0.009879,0.051693,-0.010128,0
0.003904,0.040068,-0.020572,-0.038934,-0.048472,0.003782,0.015889,-0.057926,1
-0.022993,0.039295,0.00576,-0.009705,0.00522,-0.051367,0.006777,0.022727,1
-0.031353,0.032304,0.031453,-0.002826,0.029116,-0.040947,-0.013824,0.006165,1
0.006468,-0.033448,0.038434,0.012818,-0.019658,-0.00397,-0.021246,-0.044598,1
-0.039245,0.038764,-0.015481,0.087219,-0.040159,0.024504,-0.001204,-0.015908,0
0.043825,-0.020577,-0.062008,0.059429,0.087587,-0.066496,0.09059,-0.052302,0
0.034896,-0.02303,0.02123,-0.010109,-0.023822,0.006837,0.012827,0.014632,1
-0.0435,0.094597,-0.025168,-0.036682,0.105843,0.119049,0.08399,-0.047122,0
0.002465,0.016444,-0.010591,-0.02764,-0.022604,0.013823,0.036606,0.035721,1
-0.051641,0.036966,0.035417,0.022522,0.022399,-0.053236,0.021013,0.030644,1
0.012334,0.011238,-0.030855,0.013656,-0.01252,-0.018275,0.008049,-0.023803,0
0.036764,-0.055595,-0.027444,0.07478,0.016559,0.014366,-0.051858,-0.037797,0
-0.007955,0.021782,-0.016554,-0.013358,-0.033655,-0.01688,0.02984,0.009574,1
-0.045316,0.017121,0.013705,0.019441,0.000374,-0.038632,0.014073,0.023425,1
-0.006891,-0.020481,-0.029187,-0.014105,0.054764,-0.026198,-0.080438,-0.005163,0
-0.040045,-0.000912,-0.051558,0.044439,-0.004169,-0.075594,0.010375,0.008701,0
-0.0111,0.009895,0.057246,0.025624,-0.006433,-0.022963,0.043856,0.008432,1
-0.013109,0.011153,0.06099,0.007848,0.005765,-0.025342,0.017144,-0.031617,1
-0.033956,0.024701,0.090217,0.003851,0.058828,-0.000519,0.002757,0.012835,1
0.013473,-0.008199,0.067371,-0.004317,-0.000673,-0.024507,-0.002032,-0.07212,1
-0.00935,0.008582,-0.05157,-0.032466,-0.051885,0.003841,-0.001753,-0.001261,0
0.028823,0.004607,0.014414,-0.033131,-0.001979,0.023566,0.015714,0.047849,1
-0.032948,0.025943,0.020893,0.017459,-0.010736,-0.03148,0.030492,0.015372,1
-0.03662,0.203845,-0.03273,-0.116914,0.157679,0.142561,0.131848,-0.166847,0
0.062942,-0.06317,-0.072376,0.044122,0.010225,0.022071,0.111542,0.005401,0
0.041798,0.005669,-0.061407,-0.03959,0.035481,-0.050045,-0.014282,-0.006272,0
-0.017651,0.002626,0.039315,0.028099,-0.004237,-0.023874,0.02244,0.019349,1
0.012683,-0.032725,-0.026012,-0.001787,0.00331,0.021401,0.039107,0.071706,0
-0.021893,0.019477,0.052488,-0.006929,0.036138,-0.02681,-0.034041,-0.02975,1
-0.032003,0.037223,-0.054776,-0.045638,0.028625,0.018544,0.044104,0.011515,0
-0.022659,-0.005735,0.026661,0.007357,0.014776,-0.002064,-0.004689,0.034328,1
0.041553,0.040465,0.010967,-0.045193,-0.017395,-0.048772,0.012001,-0.006366,1
-0.023966,0.000736,0.019586,0.013635,-0.002452,-0.014005,0.013475,0.031267,1
0.090867,0.012804,-0.054784,-0.065094,-0.068928,-0.051399,-0.025932,-0.013043,0
0.011107,-0.049259,0.070102,0.055245,-0.050324,0.028377,0.02932,-0.051306,1
0.007115,-0.017357,0.125436,0.008167,-0.006931,-0.000742,0.069595,-0.130174,1
0.079608,-0.038741,-0.012678,-0.044326,0.005206,-0.003119,-0.053256,-0.000076,0
-0.052903,-0.080177,-0.018038,0.010965,-0.048327,0.054924,-0.025939,-0.005026,0
-0.017136,0.017289,0.00409,-0.012936,-0.005333,-0.017008,0.006597,0.023371,1
0.0279,-0.022589,-0.014263,-0.031696,-0.041643,-0.021742,-0.061998,-0.093526,0
-0.002278,0.014351,-0.0015,0.034744,-0.042571,0.064259,0.037001,0.018866,0
-0.072609,-0.013319,-0.074574,-0.040953,0.050517,0.059534,-0.049433,-0.037584,0
0.023666,-0.022726,-0.05138,-0.02509,0.028735,-0.038098,0.002127,0.032891,0
0.025498,0.000774,0.002939,-0.022904,0.001708,-0.026272,-0.024136,-0.000167,1
-0.069581,-0.00016,-0.052475,-0.017389,0.003176,0.038899,-0.027358,0.003299,0
-0.05115,0.077098,-0.035228,-0.064934,-0.018768,0.174702,0.060019,-0.052436,0
0.079229,-0.024467,-0.072174,-0.062785,0.02451,-0.0767,-0.103318,-0.067251,0
-0.000278,-0.019951,0.004989,0.010955,0.003239,-0.017388,-0.015269,0.017784,1
-0.053838,-0.019553,-0.025155,0.023203,0.017006,0.002915,0.013929,0.046768,0
0.009551,0.018543,0.057351,-0.020244,0.016948,-0.016516,0.004007,-0.003464,1
-0.019137,0.001033,-0.020184,0.028224,-0.005284,0.034125,-0.010469,0.022575,0
0.002785,-0.035525,-0.014861,-0.01436,-0.018397,0.02139,-0.018728,0.05507,1
-0.07984,0.015231,-0.024379,0.01396,0.016696,-0.012048,0.020763,0.038671,1
-0.021356,0.032407,-0.021611,0.022686,-0.036526,0.072524,-0.005323,-0.066088,0
0.00548,-0.00197,0.015953,-0.009549,0.011781,-0.005718,-0.007057,0.042289,1
0.107008,0.503771,0.055997,0.2409,-0.215,0.219027,-0.353548,0.072789,0
0.011403,-0.017794,0.00933,0.022687,-0.075296,0.092517,0.05271,0.021656,0
0.001687,-0.035753,-0.029136,-0.046639,-0.023927,0.011569,-0.068154,-0.04563,0
0.019451,0.01638,-0.043152,-0.031159,-0.033792,-0.063207,-0.010997,-0.00215,0
0.029465,0.010609,0.006477,-0.027603,-0.021641,-0.04076,-0.008116,-0.015135,1
-0.007811,0.006728,0.055741,-0.021614,0.01623,-0.015761,-0.027819,-0.056068,1
0.01197,-0.003018,-0.042564,0.060179,0.053306,0.016932,-0.01187,-0.028816,0
0.16247,-0.073333,-0.049541,0.025352,0.142255,0.005697,0.076727,-0.008726,0
-0.057266,0.007987,-0.012706,0.020664,0.002686,-0.027217,0.010052,0.049501,1
-0.05735,-0.006705,-0.010991,0.026639,-0.01189,-0.024634,0.003438,0.031541,1
-0.001919,0.004853,0.049645,-0.008193,0.019429,-0.009762,-0.006602,0.010165,1
-0.00076,-0.000792,-0.061264,-0.033916,0.006288,-0.013947,-0.031201,0.021912,0
-0.022742,0.00979,-0.00605,-0.011753,0.009169,-0.013766,-0.022432,0.019282,1
-0.054514,-0.0028,-0.003058,0.046475,-0.004697,-0.030458,-0.00871,-0.010436,1
-0.019851,0.012246,0.040383,0.000136,0.024817,-0.018323,-0.002491,0.030673,1
-0.091652,-0.009273,-0.026733,0.005163,-0.008114,0.013285,-0.023566,0.022601,1
0.041562,-0.019707,0.00901,-0.024312,-0.003015,0.023578,0.00141,0.052753,1
-0.005548,-0.047717,-0.021413,-0.008821,-0.001047,0.009747,-0.058101,0.033619,0
-0.034954,-0.013449,-0.05614,-0.000437,-0.011654,0.010466,0.019609,0.032188,0
0.029661,-0.032916,0.037096,-0.038695,0.021932,0.07494,-0.024155,0.073637,1
0.087655,-0.065024,0.055445,-0.046544,0.013371,0.108482,-0.013591,0.06456,1
0.019391,0.02165,-0.041895,-0.052754,0.045143,0.097629,0.037605,-0.015777,0
-0.022664,0.014704,0.067659,0.00362,0.046998,0.000701,-0.001116,0.034367,1
0.039198,0.014508,-0.013453,-0.042049,-0.029223,-0.008149,0.008617,0.014199,1
0.074264,-0.005316,-0.028488,0.065712,0.145734,0.055684,0.102888,-0.058536,0
-0.080675,0.032677,-0.022525,-0.005326,0.042187,0.108056,-0.00647,-0.0323,0
0.102578,-0.007099,-0.020771,-0.069058,-0.052006,0.008697,-0.005104,-0.004479,1
0.067514,-0.141128,-0.015154,0.013148,0.031108,0.167212,0.017804,0.1148,0
-0.011404,0.010679,0.007618,0.022767,-0.018456,-0.020431,0.036989,0.037143,1
-0.01188,0.032826,0.008704,-0.015533,0.004556,-0.027345,0.021104,0.043562,1
-0.004893,0.006516,0.005896,-0.04647,-0.007345,-0.029496,-0.053697,-0.041322,1
0.008872,-0.046085,0.028116,0.035543,-0.02103,0.057513,0.013666,0.056155,1
0.004789,0.013122,-0.037177,-0.021097,-0.053989,0.054018,0.051149,-0.039591,0
0.043982,0.017055,0.050123,-0.04691,-0.008639,-0.027364,-0.011374,-0.072236,1
0.044128,0.058645,-0.015079,-0.063614,-0.028977,-0.050161,0.014467,0.002694,1
-0.112549,-0.025086,-0.012674,0.014817,0.014024,0.001532,-0.062165,0.014222,1
0.059639,-0.009291,0.029084,-0.054177,0.017945,0.021238,-0.038741,0.027308,1
0.001017,0.024841,0.018067,-0.00795,-0.002541,-0.046201,0.00431,0.007425,1
0.055601,0.015468,-0.025058,0.09164,0.001942,0.049447,0.060456,0.031027,0
-0.013356,-0.01587,0.041753,0.016467,0.008974,0.007236,-0.007812,0.015576,1
0.051842,0.002599,-0.052113,0.059685,0.030041,-0.022799,0.096116,0.018426,0
-0.020009,0.034196,-0.055066,-0.030284,-0.006566,-0.014631,0.027701,-0.000119,0
-0.00621,-0.022913,-0.041772,0.042742,0.085931,-0.000152,0.088301,-0.009416,0
-0.020038,-0.017877,-0.017941,0.026424,-0.008324,-0.021667,-0.007888,0.030167,0
-0.008182,-0.090332,-0.048084,0.045377,0.024478,0.081884,-0.037985,-0.053705,0
0.000489,-0.023997,-0.039901,0.051561,-0.067829,-0.040397,-0.009546,0.008571,0
0.058982,-0.097269,-0.025499,0.114522,-0.113974,-0.050241,-0.086853,-0.134797,0
0.095714,-0.04496,-0.073533,-0.102626,-0.020684,0.050836,-0.058673,0.038825,0
0.019556,0.036553,-0.066993,-0.088895,0.056342,0.077603,0.024412,-0.005266,0
0.014515,0.020001,-0.031986,-0.037873,-0.001378,0.038736,0.014388,0.013165,0
-0.003366,-0.027613,-0.009715,0.049819,-0.036897,0.033516,-0.013202,-0.044953,0
0.021422,0.050496,-0.056054,-0.079428,-0.001793,-0.025993,-0.015365,0.005149,0
-0.01035,-0.024563,-0.041216,-0.003981,0.048622,0.025672,0.014832,0.018448,0
0.270429,-0.072624,-0.051036,0.113031,0.248714,-0.095222,0.094212,-0.062452,0
-0.008572,-0.032228,0.061875,0.019743,-0.003007,0.004583,-0.000387,-0.029952,1
0.023357,-0.009923,0.003618,-0.028885,-0.034594,0.003375,-0.004766,-0.021159,1
0.009805,0.031481,-0.000918,-0.025172,-0.018002,-0.039802,0.011624,0.005825,1
0.01387,-0.026353,0.050537,0.005891,-0.004453,0.006173,0.004205,0.00419,1
-0.022831,0.02572,0.003072,-0.011978,-0.01024,0.008662,0.046316,0.052807,1
-0.032019,0.018581,0.026001,0.017345,0.012875,-0.035089,0.015074,0.044002,1
-0.018897,0.005339,-0.049395,0.071743,0.048483,0.032464,-0.024352,-0.102855,0
-0.010962,0.021292,0.062527,-0.010488,0.032138,-0.019538,-0.006134,-0.011395,1
0.019122,0.025629,-0.042217,-0.060151,0.003873,0.047087,0.003681,-0.002019,0
0.009807,-0.020308,0.073015,0.058699,-0.049368,-0.011061,0.041736,-0.047898,1
-0.014458,0.027505,0.034657,-0.002198,0.005022,-0.036082,0.013926,0.001283,1
-0.04089,0.057279,-0.015711,-0.036888,-0.016786,0.076597,0.066257,0.014306,0
0.003612,0.022921,-0.013115,-0.031754,0.002627,-0.023243,-0.009405,0.013458,1
-0.024132,0.02802,-0.016339,-0.018235,-0.022749,-0.030576,-0.000664,0.010122,1
0.012337,-0.027346,-0.05311,-0.016237,0.034776,0.060044,0.001951,-0.012558,0
-0.029947,0.009127,0.044549,0.023971,-0.003362,-0.032615,-0.007614,-0.045562,1
0.003738,0.0506,-0.081296,-0.041361,0.009558,-0.022153,0.035376,-0.019983,0
-0.030385,-0.022214,-0.053022,-0.00114,-0.035768,-0.004837,0.010975,0.011062,0
-0.023309,-0.004423,0.016371,0.015727,-0.02777,-0.023058,0.024232,-0.010353,1
0.007505,0.004102,0.026302,0.001709,-0.011666,-0.003386,0.024082,0.023884,1
-0.02031,-0.035841,0.026749,-0.012935,-0.006032,0.016359,-0.031752,-0.035655,1
-0.046277,0.023068,0.014504,0.015014,0.002318,-0.019504,0.032797,0.046818,1
0.01372,-0.035187,0.062828,0.041079,-0.030176,0.010086,0.027503,-0.003799,1
0.01489,0.008236,0.036655,-0.028425,-0.005154,-0.01387,-0.000128,-0.026374,1
0.052823,-0.022393,0.014243,0.087046,-0.092359,-0.017257,0.033021,0.025217,1
-0.012524,0.00708,-0.026162,-0.022609,-0.028654,0.001825,-0.002837,0.016586,1
-0.010954,0.010572,0.006578,0.010469,-0.0144,-0.018369,0.026952,0.05149,1
0.007855,0.027534,0.004894,-0.038551,0.003585,-0.027667,-0.019105,0.015696,1
-0.036074,0.01449,0.00568,0.009995,-0.01083,-0.030187,0.019803,0.033381,1
-0.033047,0.026969,-0.001255,0.009714,-0.01776,-0.033085,0.037744,0.029001,1
-0.036831,0.024168,0.047989,0.01519,0.010487,-0.033272,0.031809,0.011833,1
0.015015,-0.009998,0.052672,0.025573,-0.022005,-0.020435,-0.004127,-0.057442,0
-0.017496,0.011269,-0.021089,-0.023579,0.008988,-0.004254,-0.008119,0.033121,1
0.009182,-0.051512,0.087603,0.031766,0.006969,0.060126,0.032792,0.036082,1
0.022301,0.000651,-0.043022,0.077903,0.045479,-0.025813,0.003144,-0.061414,0
-0.000746,-0.032186,0.031668,0.028907,-0.021529,0.013669,0.016024,0.027666,1
0.038035,-0.001696,-0.022963,0.066969,-0.064597,0.04104,0.014751,-0.05872,0
0.018594,0.01034,0.046836,-0.021048,0.008933,-0.009641,0.01354,0.013829,1
-0.019307,-0.021937,0.043785,0.019104,0.003739,0.006731,0.002554,0.009183,1
0.03721,-0.023407,0.040429,-0.030068,-0.007837,0.03501,-0.003698,0.006816,1
-0.020465,0.01734,0.00029,-0.001546,0.00014,-0.015709,0.01686,0.050158,1
-0.013208,0.044959,0.069652,-0.02653,0.048324,-0.025195,-0.008251,-0.007019,1
-0.040611,0.030776,-0.002231,0.007202,0.005046,-0.03725,0.018133,0.027361,1
-0.037667,0.013943,0.015505,0.026191,0.003167,-0.026428,0.003506,0.011916,1
0.017448,0.014727,0.018986,-0.034708,0.000364,-0.011295,-0.000909,0.018203,1
-0.010639,0.031833,-0.012004,-0.007934,-0.004082,-0.025977,0.021478,0.017636,1
-0.041836,0.004451,0.013865,0.029836,-0.006345,-0.032183,0.015909,0.013449,1
-0.07016,0.023744,0.022069,0.020306,0.020107,-0.034879,0.007479,0.038767,1
0.005974,-0.00044,0.118334,-0.00708,0.028674,0.01091,0.026261,-0.069365,1
-0.021223,0.00341,0.024714,0.010249,0.00431,0.004425,0.030017,0.057336,1
-0.031736,0.017248,0.030994,0.018912,0.002314,-0.016512,0.033562,0.038114,1
-0.004215,0.012227,-0.047952,0.004783,0.022092,0.002208,0.059669,0.025754,0
-0.010702,-0.033727,0.092524,0.0081,0.006159,0.003701,-0.005701,-0.084337,1
0.003931,0.002947,0.050816,0.021114,-0.031456,-0.011778,0.044179,-0.024082,1
0.008539,0.010046,0.048778,0.011885,0.005797,-0.028439,0.009357,0.015702,1
-0.041716,0.051433,-0.020966,0.008398,0.019102,0.07611,0.058497,0.011222,0
-0.019312,0.038964,-0.01679,-0.02499,-0.014777,-0.061095,-0.011387,-0.003058,1
0.004629,0.007257,-0.082123,-0.02204,0.032981,0.003277,0.037675,-0.044317,0
-0.035252,0.01228,0.00423,-0.009532,0.012856,-0.026169,-0.027911,0.010116,1
-0.014491,-0.006306,0.01642,0.011442,-0.00851,-0.005423,0.020969,0.037171,1
-0.021033,0.038875,-0.010235,0.001886,-0.014165,-0.050026,0.033411,0.013243,1
-0.006293,0.003014,0.028937,0.000875,0.006669,0.001613,0.013118,0.039751,1
-0.000447,-0.005727,-0.054238,-0.023298,-0.017625,-0.007798,-0.028994,-0.011675,0
0.042149,-0.009353,-0.007943,0.042538,-0.069958,0.01957,0.06156,0.049418,0
-0.030469,0.004528,-0.047398,0.003364,-0.017029,-0.035709,0.018791,-0.00171,0
-0.055437,-0.049856,0.012736,0.02691,0.001391,0.034006,-0.016257,0.037867,1
0.024349,-0.004723,0.046553,-0.011924,-0.01325,-0.004412,0.016661,-0.013642,1
-0.019425,0.031886,0.014131,-0.026206,0.021974,-0.037784,-0.029248,0.005817,1
0.035345,0.031433,0.004262,-0.0524,-0.009438,-0.028466,0.000009,0.004108,1
0.015026,0.008058,-0.045588,-0.015881,-0.016956,-0.020487,-0.070019,-0.102455,0
-0.013143,0.011892,0.005304,0.024756,-0.022737,-0.034113,0.053015,0.059673,1
0.069003,0.009893,-0.077773,-0.006063,0.045029,-0.052886,0.008084,-0.041612,0
0.026289,0.031492,0.039766,-0.047088,0.0107,-0.039552,-0.021678,-0.040635,1
0.046319,0.060678,-0.028851,0.054914,0.151766,0.075005,0.075495,-0.014232,0
-0.035613,-0.015899,-0.019524,0.019374,-0.007594,-0.017374,-0.003006,0.013874,1
-0.018956,0.015487,0.044935,-0.022481,0.04214,-0.008398,-0.039585,0.016452,1
-0.029123,0.010953,0.023516,-0.00434,0.012217,-0.02531,-0.007796,0.021077,1
-0.026803,0.050534,-0.064673,-0.08176,-0.02593,0.03048,-0.041264,-0.126275,0
-0.033131,-0.00879,0.034823,0.030706,0.005412,-0.011622,0.005169,0.021163,1
-0.008276,0.009052,0.066911,0.00064,-0.009677,-0.04027,0.026051,-0.07424,1
0.018615,0.014329,0.006677,-0.031007,0.004157,-0.019884,-0.01512,0.019993,1
-0.084046,-0.010617,-0.018969,0.025013,0.014662,0.002078,-0.019343,0.030306,1
-0.012511,0.014491,0.0234,-0.003586,0.012846,-0.017985,0.005768,0.042941,1
-0.012613,-0.008526,0.031904,0.038385,-0.024593,-0.032785,0.029395,0.008177,1
-0.02581,-0.011745,0.041276,0.028569,0.021716,0.006039,0.00166,0.037583,1
0.010139,-0.028502,-0.03766,0.041184,-0.085687,-0.019744,0.019038,0.01395,0
-0.062719,0.084417,-0.054438,0.031054,0.162488,0.062515,0.094829,-0.123447,0
0.030953,-0.048027,-0.010449,0.015849,-0.004808,0.037297,-0.038701,0.012616,0
-0.049465,-0.008586,0.059617,0.039963,0.004496,-0.01175,0.007244,-0.021542,1
-0.007289,-0.033983,0.039546,0.024906,-0.03724,0.004775,0.030948,-0.025187,1
0.000953,-0.015906,0.005984,-0.004705,-0.04049,-0.01862,0.010961,-0.020187,1
0.015061,0.047921,-0.019749,-0.045788,-0.027087,-0.048003,0.005117,-0.011667,1
-0.044928,-0.014332,0.112051,0.028405,0.03335,0.005454,-0.00576,-0.080028,1
-0.019678,-0.003225,0.064478,-0.011371,0.057362,0.002813,-0.064382,-0.033549,1
-0.012326,-0.007631,0.037408,0.023268,-0.000844,0.011087,0.019956,0.028713,1
0.025176,-0.000623,0.007919,-0.03133,-0.027363,0.007765,0.006592,0.002918,1
0.028274,0.010566,0.006043,-0.021012,-0.023604,-0.023453,0.022127,0.015632,1
0.002428,0.030426,-0.028468,-0.024574,-0.037001,-0.007968,0.041162,-0.009066,1
-0.015337,0.009729,-0.002176,-0.004602,0.000657,-0.008206,0.022092,0.055254,1
-0.052404,0.016384,-0.032481,0.0015,0.035904,0.08614,0.039665,-0.012479,0
0.019703,-0.023249,-0.022773,0.021691,-0.044801,0.074998,0.015058,-0.078928,0
-0.027947,-0.01211,0.004766,-0.006523,0.023688,-0.003257,-0.03216,0.028904,1
0.167784,0.073162,-0.043634,0.154188,0.18573,-0.109749,0.072445,-0.007202,0
-0.101109,-0.014424,-0.051932,0.06268,0.06393,0.105976,-0.056343,-0.038965,0
0.021316,-0.027552,-0.043214,-0.002494,-0.018962,0.015769,0.007957,0.023401,0
-0.048635,0.026872,-0.013264,0.01476,-0.01739,-0.018036,0.058857,0.042685,1
-0.085112,0.120222,-0.061735,-0.079101,-0.034302,0.04943,0.06852,-0.050094,0
-0.062214,0.051277,-0.046253,-0.002933,0.069344,0.041463,0.040191,-0.028571,0
-0.055232,0.006086,-0.008479,-0.002952,0.002743,0.005811,-0.007222,0.048832,1
-0.043446,0.006547,-0.033962,0.006935,-0.048295,0.001882,0.05817,0.049552,1
-0.026232,-0.052812,0.063311,0.012671,-0.007546,0.030511,0.020508,-0.012995,1
0.033846,-0.040486,0.008883,-0.040303,0.00208,0.076342,-0.010336,0.062439,1
-0.050589,0.016227,-0.012993,-0.007717,-0.004131,-0.007424,0.001401,0.046539,1
0.017,0.021025,-0.038899,-0.077618,0.006134,-0.055484,-0.108782,-0.001904,0
-0.031495,0.031623,-0.000069,-0.020968,0.00531,-0.059217,-0.040802,-0.00718,1
-0.025846,0.020799,0.021174,-0.015313,0.017672,-0.02895,-0.018281,0.015341,1
-0.000822,-0.034215,0.024529,-0.023192,-0.01485,0.034244,-0.00476,0.01037,1
-0.030177,-0.020169,-0.000849,0.002809,0.000815,-0.012504,-0.026813,0.019565,1
-0.063105,0.009215,-0.006231,0.009124,-0.004285,-0.01735,-0.004382,0.033787,1
0.039683,0.002137,0.00048,-0.034844,-0.04588,0.018622,0.011672,-0.014246,0
-0.033355,0.019156,0.010865,-0.000402,-0.008221,-0.03338,-0.007754,0.003065,1
-0.033701,0.00533,-0.000821,0.011951,0.005198,-0.004035,0.014043,0.044905,1
-0.018026,-0.006169,0.042993,0.023056,-0.012349,-0.023052,0.017906,-0.009699,1
-0.015947,0.030573,-0.012847,-0.035172,-0.082551,0.071308,0.030344,-0.11455,0
-0.044575,0.0231,0.040273,0.011084,0.032521,-0.03604,-0.002518,0.024642,1
-0.004528,0.014187,0.094201,-0.011593,0.038516,-0.012561,-0.023828,-0.074815,1
-0.005669,-0.061462,-0.053812,0.031199,0.037483,-0.041095,-0.05938,-0.035892,0
0.028561,0.011302,-0.056065,0.014719,0.018488,0.026819,0.122425,-0.02325,0
0.015514,0.010751,0.004108,-0.021732,-0.013149,-0.037284,-0.013424,-0.005763,1
0.006528,0.035625,-0.011804,-0.04608,-0.028098,-0.028365,0.025563,-0.010354,1
0.025223,0.009165,-0.019992,-0.026643,-0.031541,-0.031431,0.007519,0.017382,1
-0.009017,-0.012916,0.024701,0.025567,-0.028027,-0.008556,0.020469,0.004097,1
-0.026556,0.019708,0.021707,-0.009052,0.033767,-0.027229,-0.016116,0.030286,1
0.006371,0.013596,0.017248,-0.014095,0.005572,-0.028543,-0.015581,-0.000333,1
-0.045344,-0.039898,-0.084565,0.003047,-0.043066,0.021225,-0.009735,0.014295,0
-0.011804,0.063838,-0.011677,-0.033943,0.009181,-0.094032,-0.021046,-0.021751,1
-0.024958,-0.006999,0.006083,-0.015369,-0.013037,-0.001434,-0.014433,-0.012804,1
0.002889,0.02486,-0.010169,-0.022204,-0.018091,-0.036721,0.013712,0.033156,1
-0.027349,0.001451,0.040417,0.03842,-0.011835,-0.01205,0.026079,0.014291,1
-0.008502,-0.008574,0.0412,-0.014886,0.005566,-0.009067,-0.032761,-0.046412,1
-0.05146,0.028449,-0.033076,-0.008606,-0.017427,-0.007644,0.032026,0.023603,1
0.038,-0.014342,0.02141,0.014519,-0.024443,0.001861,0.0045,0.021922,1
-0.01787,-0.012465,-0.036945,0.015981,-0.004813,0.030747,0.043766,0.02185,0
0.043907,0.035229,-0.003761,-0.048203,-0.012682,-0.057213,-0.018051,-0.028323,1
0.070856,0.095495,-0.041676,-0.137736,-0.000592,-0.096751,-0.089679,-0.046572,1
0.021371,0.033858,0.008604,-0.046615,0.006368,-0.049047,-0.023417,-0.005221,1
0.004112,-0.002003,0.064131,-0.037883,0.042741,0.036634,-0.030162,0.025976,1
0.033868,0.001759,-0.028469,-0.038546,-0.033188,-0.00274,0.004553,0.00323,1
0.062072,-0.0442,0.011901,-0.013472,-0.016159,0.080543,0.008844,0.03478,0
0.014936,-0.01708,0.02589,-0.010403,-0.00382,0.012012,-0.003506,0.024014,1
0.043194,0.005176,0.074454,-0.049438,0.017662,-0.004583,-0.028776,-0.082567,1
0.049559,-0.083902,-0.024022,0.175335,0.059811,-0.051437,-0.137899,-0.011979,0
-0.035747,0.037152,0.00232,0.001365,-0.005689,-0.04733,0.008934,0.021453,1
0.026144,-0.005258,0.037129,-0.028982,0.002715,0.006254,-0.014233,-0.002007,1
0.001066,-0.000323,0.017501,-0.02719,0.004772,-0.012439,-0.033393,-0.010961,1
-0.046047,-0.023658,-0.012307,0.046629,-0.068417,-0.047773,-0.00032,-0.071854,1
-0.014324,-0.005992,0.024142,0.017767,-0.007368,-0.021097,0.017283,0.033551,1
-0.005838,-0.011681,-0.015453,-0.009079,-0.01867,-0.006409,0.000558,0.030067,1
-0.001603,-0.025614,0.095435,0.02685,0.009277,0.008642,-0.018167,-0.071198,1
0.029668,0.009797,0.049283,-0.041225,0.031582,0.011257,-0.019219,0.023172,1
-0.039257,0.008746,0.030119,-0.011933,0.02471,-0.028779,-0.052309,-0.025748,1
0.015173,-0.001936,0.024009,-0.053153,0.026146,0.007005,-0.067712,-0.014324,1
-0.011261,0.010844,0.042613,-0.000435,0.013525,-0.004387,0.022918,0.038683,1
-0.020204,-0.00716,0.027107,0.016271,-0.003995,0.007453,0.016459,0.029231,1
-0.080126,-0.084454,-0.034802,0.007081,-0.035451,0.055899,-0.058308,-0.001934,0
-0.016608,-0.016835,0.015422,-0.00191,-0.032316,-0.013621,0.010404,-0.016055,1
-0.028141,0.058817,-0.046505,-0.027911,-0.037731,0.052591,0.072461,-0.004244,0
0.083302,0.039531,-0.048123,0.023222,-0.02613,-0.016002,0.025529,0.003539,0
-0.019891,0.012021,-0.008946,0.010194,-0.021192,0.001359,0.036666,0.054921,1
-0.006091,-0.000811,-0.055985,-0.050918,0.015552,-0.025782,-0.061472,0.021319,0
-0.02006,-0.021496,0.013216,0.007407,-0.003433,0.015765,-0.017078,0.025507,1
-0.018998,0.015885,-0.002979,0.002972,-0.016631,-0.021774,0.003737,0.000563,1
0.018911,0.008864,-0.0079,-0.026307,-0.019587,-0.017085,-0.004184,-0.010077,1
-0.029191,0.015033,0.001015,0.006922,-0.015435,-0.007956,0.03193,0.037815,1
-0.043608,0.003849,0.00667,-0.047169,0.016058,-0.018576,-0.094553,-0.050944,1
0.052878,0.000378,-0.040555,-0.0288,-0.015357,0.025935,0.0031,0.002999,0
-0.039638,-0.008232,0.010488,0.040723,-0.0087,0.001051,0.024215,0.049795,1
0.016257,0.006146,0.065038,-0.013736,-0.001097,-0.008949,0.033752,-0.024684,1
-0.026539,0.026105,-0.049975,-0.002353,-0.007231,-0.000409,0.062095,0.03179,0
0.036914,-0.040703,0.032755,-0.005801,-0.013564,0.041567,0.009036,0.045759,1
0.027796,-0.035673,-0.05827,-0.04345,0.017396,0.056962,-0.005304,0.015622,0
-0.010083,0.004174,-0.020216,-0.001322,-0.016368,-0.008209,0.035969,0.046238,1
0.005061,0.013533,-0.027142,-0.040651,-0.016795,-0.014581,-0.005425,-0.004597,1
0.016653,0.077052,-0.057931,-0.055525,0.042634,0.013808,0.052932,-0.084912,0
0.03425,-0.015496,0.027108,-0.013738,-0.019623,0.00158,0.010401,0.009194,1
0.004994,0.037932,-0.024678,-0.034717,-0.023381,0.095889,0.056899,0.01883,0
0.068693,-0.028624,0.022105,-0.058015,-0.008329,0.047965,-0.014745,0.027669,1
-0.045735,0.008544,-0.008691,0.025033,-0.02668,-0.021496,0.029838,0.024416,1
-0.019907,0.001046,0.004185,-0.003685,0.017574,-0.007772,0.003833,0.051054,1
0.101767,-0.037074,0.006405,-0.05394,-0.028914,0.048269,-0.006264,0.019779,1
0.07119,-0.048017,0.033629,-0.045747,-0.009148,0.051618,-0.026819,0.000893,1
0.060409,-0.004536,0.002714,-0.048142,-0.016446,0.026559,0.003524,0.044607,1
0.041357,-0.024169,0.016903,-0.022059,-0.007327,0.041604,0.004903,0.051368,1
0.067998,-0.021939,0.063882,-0.057735,0.02994,0.061704,-0.024744,0.03256,1
0.045886,-0.068224,-0.029119,0.073457,0.051724,0.038333,-0.065179,0.030085,0
0.290198,0.285963,0.004459,0.350219,0.136722,0.073921,-0.206852,0.138501,0
0.021006,-0.037547,0.012344,-0.016658,-0.014932,0.083826,0.018653,0.070213,1
-0.009086,0.003272,0.020313,-0.014105,0.015392,0.000971,-0.01242,0.043083,1
-0.005092,0.002057,-0.003331,-0.007441,0.008003,-0.00645,0.007852,0.052847,1
-0.111562,-0.063517,-0.0112,-0.002291,0.029125,0.054493,-0.110867,-0.004571,1
-0.020253,-0.03696,0.000738,0.013415,-0.002632,0.023574,-0.023382,0.045087,1
-0.004403,0.009979,0.060234,-0.019819,0.039393,-0.003126,-0.034929,-0.013819,1
0.050705,-0.038042,-0.033485,0.077912,-0.046768,0.005384,0.004259,0.00562,0
0.009822,-0.016829,0.019614,-0.002264,-0.023276,-0.034748,-0.013349,-0.040524,1
0.008766,0.010163,0.061452,-0.022692,0.03118,-0.009247,-0.027978,-0.027608,1
0.051771,-0.072526,0.071473,0.014218,-0.025222,0.064553,0.003052,-0.037228,1
-0.055718,-0.004723,-0.020466,0.022011,0.007646,-0.010899,0.022436,0.040768,1
0.086462,-0.051334,0.06189,-0.029651,-0.032035,0.058827,0.012697,-0.046202,1
-0.04828,-0.005258,0.026053,0.006186,0.026003,-0.004654,-0.021973,0.043032,1
-0.045258,-0.00287,0.000589,0.008257,0.005857,-0.005902,0.00328,0.053498,1
-0.026006,-0.030884,-0.020444,-0.003545,-0.003311,0.013455,-0.038838,0.015402,1
-0.045439,0.00959,-0.011813,-0.013637,0.006225,0.002889,-0.004965,0.039136,1
-0.011189,0.031821,0.010004,-0.025049,-0.003277,-0.046972,-0.014781,-0.004334,1
-0.035999,-0.033316,-0.02771,0.022288,-0.064659,0.021661,0.03416,0.005605,0
0.013145,0.026859,-0.00781,-0.049247,-0.007619,-0.03355,-0.033633,-0.00035,1
0.001894,0.000202,-0.011702,-0.012435,0.011646,-0.007246,-0.007379,0.027187,1
-0.019271,0.009885,-0.013594,0.012142,-0.018098,-0.044421,0.038281,0.045643,1
0.006468,0.009695,-0.006421,-0.005925,-0.019743,-0.020187,0.023742,0.033884,1
-0.074468,0.026531,-0.041973,0.013363,-0.028649,-0.034707,0.041367,0.042781,1
-0.053202,-0.046666,0.031291,0.022475,-0.037406,-0.016499,-0.007831,-0.102729,1
0.001012,0.035018,-0.033112,-0.038265,-0.012272,-0.032968,0.007342,0.014369,1
0.047294,0.051135,-0.072094,-0.03264,0.005402,-0.04594,0.061483,-0.054496,0
-0.009576,-0.00217,0.02324,0.010886,-0.000746,-0.030751,-0.007785,-0.004732,1
-0.062616,0.005226,-0.043037,-0.034617,0.019909,0.051648,-0.021682,0.044023,0
0.02013,-0.00304,-0.002063,-0.047763,0.018374,0.010597,-0.046919,0.030392,1
-0.043355,0.071889,-0.028093,-0.00515,-0.020184,-0.015095,0.045637,-0.02419,1
0.000178,-0.010002,-0.0309,0.048312,-0.020611,0.014752,-0.002407,-0.014378,0
-0.020472,0.026837,0.031387,0.017415,-0.019234,-0.044439,0.038137,-0.014985,1
0.01018,0.003443,0.004779,-0.029166,-0.013146,0.003265,-0.018624,-0.001557,1
0.026047,0.018756,-0.021183,-0.038372,-0.041285,-0.008955,0.02532,0.007478,1
-0.021638,-0.030895,0.001553,0.020737,-0.000043,-0.003552,0.001196,0.051908,1
-0.017418,0.007298,-0.007822,-0.023631,0.010262,-0.017266,-0.020364,0.033623,1
0.019452,0.017236,-0.038904,0.060945,-0.001453,-0.024711,0.036976,-0.000339,0
-0.013117,0.055648,-0.068211,-0.040956,-0.005022,0.040418,0.017019,-0.040843,0
-0.011743,-0.009847,-0.021139,0.034008,-0.038213,-0.020056,0.035014,0.039566,1
0.057784,-0.039675,-0.01453,-0.004122,-0.044962,0.000303,-0.003394,0.011494,0
0.008273,0.005998,0.008478,0.006335,-0.026674,-0.035883,0.030732,0.024302,1
-0.085702,0.027212,-0.020958,0.091023,0.15066,0.09456,-0.042292,-0.092521,0
-0.036879,-0.002687,0.066522,0.023775,0.00795,-0.043473,-0.00138,-0.048619,1
-0.004733,0.014874,0.043491,0.012057,-0.001836,-0.062951,0.007642,-0.013237,1
0.008887,-0.019438,0.014024,0.006913,-0.012694,0.008759,0.020503,0.071791,1
-0.007003,-0.006381,0.038399,0.010324,-0.000269,-0.009524,0.019828,0.03357,1
-0.035838,0.028054,-0.013991,0.01067,-0.021775,0.011595,0.079749,0.06117,1
0.065023,-0.010154,-0.050736,-0.054249,-0.075153,-0.023901,0.000684,-0.040946,0
-0.025734,0.004763,0.024512,0.018696,-0.005845,-0.022407,0.026656,0.039244,1
-0.047445,0.022887,-0.00282,0.008928,-0.016989,-0.001546,0.03894,0.034244,1
-0.011177,-0.036347,-0.031477,-0.01132,0.008056,-0.013565,-0.065805,-0.000726,0
-0.04135,0.008216,-0.01527,0.034595,-0.008525,-0.032709,0.012887,0.025732,1
0.023446,0.01122,-0.031827,-0.018361,-0.013569,-0.030612,0.00124,-0.000873,0
0.010406,-0.00849,0.033881,0.008613,0.003646,-0.005839,0.015151,0.041269,1
0.013821,0.007025,-0.043213,0.024196,0.0012,0.014027,0.047221,0.032916,0
-0.089988,0.008636,-0.052592,-0.006884,0.034661,0.079505,-0.005555,0.000176,0
0.003282,-0.031958,-0.002542,0.021775,-0.026528,-0.032915,-0.010597,-0.00573,1
-0.010033,-0.008478,0.006501,0.016936,-0.016068,-0.025944,-0.000041,0.012791,1
-0.031066,0.010531,0.067827,0.011123,0.030498,-0.028455,-0.010609,-0.022513,1
-0.061998,0.079399,-0.044214,0.012817,0.077369,0.119441,0.0388,-0.070313,0
0.018668,0.010932,0.030138,-0.030205,0.008816,0.002878,0.00231,0.037173,1
0.010105,-0.002416,-0.009133,-0.008083,-0.029696,-0.021221,0.006432,0.005868,1
-0.02351,0.021481,0.039244,-0.028592,0.033937,-0.025726,-0.047935,-0.018712,1
-0.049497,0.043043,0.060305,-0.024595,0.070705,-0.019293,-0.046023,0.01214,1
-0.015131,-0.01369,-0.021434,-0.009083,0.00122,-0.007105,-0.012975,0.050307,1
-0.021683,0.049921,-0.013983,-0.024271,0.006561,-0.062773,-0.002384,0.03373,1
-0.014192,-0.001502,0.039131,0.051422,-0.078266,-0.052063,0.075008,-0.095541,1
-0.044949,-0.001034,0.018388,0.033184,0.006102,-0.027448,0.014332,0.039399,1
0.024685,0.017654,0.008989,-0.03624,-0.019477,-0.054661,-0.03535,-0.065788,1
0.021393,0.003933,-0.000215,-0.034944,0.011422,-0.015355,-0.031422,0.035692,1
-0.035408,-0.009927,-0.007884,0.014579,0.016873,-0.00917,0.016159,0.054454,1
0.011467,0.069073,-0.03305,0.004585,-0.038405,0.043327,0.035505,-0.032251,0
0.025217,0.028976,0.016942,-0.045753,-0.008009,-0.038616,-0.009311,-0.005253,1
0.00594,0.018293,-0.040398,0.03364,-0.012498,0.035834,0.084787,-0.013593,0
0.044122,0.01097,-0.032904,-0.070274,-0.049611,-0.013521,-0.01105,-0.020473,0
0.041287,-0.040229,0.022121,-0.020537,-0.025205,0.016588,-0.016185,0.004014,1
0.009334,-0.022764,0.123642,-0.032056,0.084523,0.08778,-0.047981,-0.006059,1
0.033975,-0.010455,0.108907,-0.043921,0.075463,0.069705,-0.033575,0.018845,1
0.008817,0.01929,0.0257,0.006332,-0.025115,-0.056014,0.028248,-0.008381,1
-0.019281,-0.052709,-0.015584,-0.020484,-0.015998,0.060228,-0.03205,0.021088,1
0.022957,-0.031072,-0.00444,-0.021372,-0.017414,0.050566,0.004257,0.034211,1
0.071293,-0.026563,0.007598,-0.049322,-0.024317,0.046677,0.003641,0.039409,1
-0.005628,-0.029827,0.005597,0.012076,-0.025738,0.02135,0.021424,0.0374,1
0.033408,-0.024241,0.009573,0.000539,-0.013131,0.024279,0.012423,0.04399,1
-0.003689,0.020713,0.045753,-0.013007,0.024673,-0.017353,-0.002141,0.01935,1
-0.007594,0.017222,0.040882,-0.018144,0.019652,-0.014637,-0.002237,0.024034,1
0.007399,0.004702,0.065285,-0.020776,0.035206,0.00591,-0.020422,-0.005951,1
0.016322,-0.042193,0.056672,-0.014042,0.017044,0.036212,-0.046178,-0.035815,1
0.006427,-0.026679,0.06772,0.010077,0.01119,0.037272,0.0123,0.023433,1
0.027298,-0.023202,0.046436,-0.012275,-0.004295,0.021728,0.004897,0.01291,1
0.063,-0.045346,0.030713,-0.027544,-0.007685,0.07902,0.0114,0.067656,1
0.011544,-0.027324,0.102367,0.003776,0.026882,0.044056,0.017785,-0.00831,1
0.063395,-0.044121,0.02626,-0.029608,-0.015004,0.070377,0.017083,0.059768,1
0.071099,-0.033138,0.067013,-0.037351,0.001217,0.052831,0.005872,0.015424,1
0.012366,-0.016947,0.077696,0.008925,0.006164,0.011517,0.032345,-0.003986,1
0.051718,-0.052476,0.11555,-0.022704,0.01238,0.069435,-0.00413,-0.075205,1
-0.009545,-0.039894,-0.004316,-0.001867,-0.043009,0.041803,0.022642,0.026653,1
0.084388,0.00998,0.01297,-0.08365,-0.034825,-0.026066,-0.018802,-0.062083,1
0.047462,-0.056991,0.015351,-0.003276,-0.046376,0.052555,0.024381,0.018859,1
0.095377,-0.037501,0.071173,-0.050169,-0.024823,0.047502,0.020937,-0.052843,1
0.007983,-0.066742,-0.069267,-0.069832,-0.026037,0.075768,-0.102181,0.038791,0
-0.071857,-0.048215,-0.03261,0.054525,-0.034185,0.112365,-0.0428,-0.093382,0
0.028984,0.075225,-0.005064,0.067184,-0.002046,0.079018,0.022883,-0.017293,0
0.064214,0.028203,-0.026805,-0.027107,-0.011458,0.074098,0.019856,-0.048121,0
0.019203,-0.049906,-0.013039,-0.001044,-0.015294,0.085477,0.004807,0.035546,0
-0.048503,-0.064792,-0.095474,-0.014761,0.000278,0.105306,-0.101253,-0.029316,0
-0.002106,-0.017684,0.118238,-0.035761,0.092477,0.081667,-0.060374,-0.011784,1
