K1,K2,K3,K4,K5,K6,K7,K8,TYPE
1946.617262,349.510532,3497.32235,-1716.496991,-29.843235,191.027884,3229.980307,34.294606,0
2526.871603,309.482838,3382.764509,-2266.873456,-40.443386,202.892432,3258.663069,36.892682,0
2308.92765,297.029393,2949.561282,-2047.613144,-44.063373,196.605087,2796.10158,36.1479,0
803.16928,189.261192,957.772135,-634.294326,-45.830064,123.616466,934.40677,22.360776,0
2480.556564,297.566329,2733.522585,-2222.740801,-28.855966,201.056458,2563.539118,36.754118,0
969.324914,199.255125,1265.280435,-800.016948,-41.170848,134.181976,1236.164661,23.105558,0
2008.416834,295.678393,2765.392319,-1767.713734,-47.821923,187.529141,2687.311469,32.874324,0
1157.061901,213.024929,1528.465556,-966.81344,-48.774551,143.483089,1464.293073,25.56507,0
1051.857135,204.88429,1250.332837,-863.565892,-53.17396,143.257922,1237.048007,24.058186,0
969.740606,188.221961,1183.839406,-783.718349,-70.425186,151.519805,1189.520533,24.075506,0
1559.590509,240.148844,1960.924001,-1343.447888,-58.716522,167.454672,1920.809705,28.786684,0
1532.154824,262.197851,2230.050056,-1322.611317,-47.198385,166.969698,2155.052256,29.3063,0
2174.659071,290.066549,2287.484861,-1907.957888,-51.719037,202.84047,2104.822782,35.818811,0
1535.341797,219.727965,1497.635051,-1315.908281,-47.925846,157.443418,1453.900768,28.544197,0
1163.764938,210.426853,1177.344216,-963.418621,-55.373664,153.632907,1174.105281,25.634352,0
1308.581706,238.520717,1594.872384,-1094.171136,-64.328367,157.668585,1576.044991,27.037313,0
1349.579348,237.083115,1942.979955,-1152.627851,-53.485729,155.953855,1891.486084,26.58698,0
1570.762236,263.150479,2250.99055,-1349.094374,-54.490318,176.357413,2182.626505,29.756633,0
2407.533302,356.196249,4133.79906,-2145.30081,-53.347165,204.139508,3957.874659,36.1479,0
1132.276254,194.838395,1222.187011,-957.183238,-33.39394,135.515655,1190.022828,24.266032,1
1048.878008,187.858231,1079.587268,-874.529773,-35.593644,133.073464,1065.592298,23.659814,1
578.816739,127.634824,534.822648,-454.507452,-27.26248,92.647398,517.328935,17.199265,1
1397.71304,242.227305,1692.854498,-1195.825198,-32.891645,157.945713,1619.831236,28.474915,0
2669.402064,360.370491,4503.869035,-2393.451729,-61.539765,220.992363,4365.582099,38.312964,0
1757.269467,333.956716,3810.182687,-1530.855786,-54.628882,177.2754,3657.658293,30.899786,0
1781.864589,292.110369,2522.33363,-1553.666895,-36.892682,177.327362,2336.20745,32.285427,0
1285.510789,235.662833,1521.901083,-1080.245448,-57.313561,162.62225,1515.734982,26.985352,0
2106.398949,271.498964,2414.184377,-1862.751362,-47.198385,189.434397,2267.254507,34.069439,0
1445.916014,283.484756,2161.079793,-1225.668433,-63.531624,169.342607,2121.467791,28.370992,0
1853.48489,262.786749,2121.485111,-1629.288233,-33.792311,174.971773,2018.49737,32.04294,0
2100.717822,307.872031,2865.227728,-1842.954021,-58.872407,197.263266,2709.551001,34.43317,0
898.051023,225.6689,1511.300932,-731.687543,-48.73991,129.314913,1466.891149,22.447378,0
1753.077904,262.942633,2301.549113,-1518.05593,-55.56419,178.27999,2209.334728,31.03835,0
2234.155016,311.994312,3119.96044,-1966.864936,-53.485729,194.30146,3021.060339,35.541683,0
1583.423528,256.68993,2165.254035,-1367.471433,-47.129102,172.51226,2122.229893,29.618069,0
1696.68233,258.75107,2107.749948,-1469.749033,-50.246794,173.222401,2049.102708,30.484094,0
1258.560078,224.335221,1357.373577,-1059.928492,-52.602383,151.415882,1340.728569,25.928801,0
1050.280969,164.821955,928.708323,-879.431477,-39.594681,127.426978,920.238594,23.001635,1
1375.802597,187.719667,1190.906174,-1170.519936,-43.768924,137.005219,1026.066898,28.232428,0
1121.57218,208.27911,1261.192796,-932.934526,-44.964039,137.853924,1249.41485,24.508519,0
1124.2915,199.411009,1335.861506,-938.962063,-52.394537,140.10559,1328.1712,24.127468,0
767.159944,167.662518,848.358486,-607.949833,-61.314599,128.743337,859.859303,19.918584,0
2134.648697,337.767228,2834.62239,-1871.099846,-57.244279,201.454829,2676.728639,36.234503,0
1095.487495,217.562902,1546.028551,-910.140738,-48.514743,140.400038,1515.925508,24.387275,0
1068.39822,204.520559,1254.54172,-883.29395,-51.753678,138.269616,1256.741425,23.884981,0
2077.975995,292.196971,2709.395117,-1833.652908,-36.8234,186.715077,2589.069547,34.311926,0
439.161482,111.80388,395.998776,-322.126809,-38.226361,83.467528,404.31262,14.826355,1
1074.789488,199.42833,1290.221967,-894.569601,-48.376179,141.058218,1272.104716,24.075506,0
913.241109,175.352824,994.266446,-753.909755,-36.009336,123.824312,973.758964,21.754558,1
1122.126436,192.552088,1178.937703,-935.255475,-55.096536,142.772948,1174.41705,24.144788,1
870.459454,162.050674,870.234287,-705.810704,-44.686911,115.060135,844.478692,21.304225,1
1141.317559,188.481769,1121.121847,-963.487903,-40.200899,138.546744,1111.474324,24.335314,1
888.975077,164.562147,897.081075,-727.409378,-37.048567,114.921571,881.942951,21.304225,1
1997.643478,262.907992,2277.005953,-1759.347928,-41.794386,184.238244,2115.873267,33.41126,0
1402.926513,228.630707,1755.468134,-1197.643851,-54.87137,158.014995,1731.323346,27.123916,0
835.350784,160.041495,857.954047,-677.595596,-39.040425,112.479379,835.056335,20.715328,1
2212.677586,325.937321,3699.418038,-1964.769154,-48.670628,198.839433,3536.622582,35.195272,0
1303.26431,223.98881,1679.396463,-1101.774839,-53.104678,154.516253,1636.372321,27.037313,0
1056.100659,176.842387,1064.812875,-881.821707,-38.711336,124.43053,1023.035809,23.469288,1
482.774522,117.744814,464.778514,-369.342514,-26.91607,84.610682,460.725515,15.484534,1
651.926603,136.173834,625.651393,-517.017166,-30.414812,97.116089,577.205932,18.827392,1
478.704202,118.922608,442.48702,-351.381147,-47.077141,89.114014,441.569033,15.969508,1
1285.441507,229.029078,1634.952039,-1081.35396,-51.095499,153.286496,1555.762676,27.089275,0
554.446784,125.712248,519.615242,-431.713664,-33.41126,94.743179,495.33189,17.026059,1
1007.412711,213.683108,1502.657999,-824.490825,-58.023702,136.572206,1474.373609,23.503929,0
1326.196662,221.962311,1570.242621,-1117.882912,-57.850497,158.257482,1540.19154,26.881429,0
570.589498,129.107067,534.753366,-433.566958,-54.819408,105.048881,547.258773,17.251226,1
806.858548,153.130612,786.714797,-651.199142,-41.413335,112.16761,776.114646,20.247674,1
536.121686,127.721427,539.256698,-405.386492,-39.19631,94.275525,530.665726,16.870175,1
1011.205902,169.0828,949.146522,-843.318218,-34.363888,123.581825,928.517797,22.707186,1
2171.281572,318.835913,3218.098439,-1921.381281,-45.933987,188.568371,3064.794622,34.606375,0
524.482305,122.577236,480.384291,-398.562211,-27.297121,86.810386,447.787095,16.991418,1
1807.550902,290.759369,2882.617518,-1567.990955,-58.543317,182.523514,2790.264569,32.216145,0
1168.216308,213.942916,1395.063002,-984.965333,-36.13058,140.503962,1365.791344,25.132057,0
952.662585,174.989093,1039.76742,-788.602733,-40.252861,126.508991,1023.503463,22.187571,1
1596.587114,249.276752,2102.969488,-1383.787352,-42.556488,159.140828,1980.132445,29.496825,0
1120.775437,180.01204,1050.419533,-951.328906,-21.789199,130.180939,991.148754,24.491198,1
1950.722222,290.499561,2786.315493,-1714.678338,-32.666478,179.423143,2553.995518,34.121401,0
2405.645367,326.976551,2790.697582,-2117.605317,-54.802088,225.114643,2607.966221,37.741387,0
1020.922708,179.596348,1056.984005,-847.509781,-43.093424,132.675092,1041.343587,23.244122,1
823.122505,162.587609,873.681068,-662.751921,-55.89328,126.266504,865.90416,20.80193,1
1050.454174,188.914782,1048.323751,-874.321927,-40.148938,138.338898,1041.534112,24.56048,1
3550.011335,408.036529,4422.081596,-3211.3088,-58.023702,266.320132,4228.854008,46.315039,0
2184.410517,272.936566,2224.247686,-1919.857077,-56.620741,200.294355,2131.201916,34.571734,0
900.978189,170.728248,961.651929,-742.703386,-43.249309,127.548221,954.550521,21.615994,1
2071.723291,293.132279,2760.126885,-1832.163344,-47.925846,191.859268,2635.730996,33.549824,0
1285.961122,209.145135,1375.438867,-1089.20015,-50.697127,150.376651,1332.743814,26.188608,0
2075.031508,296.734944,2791.390402,-1821.78836,-52.533101,186.974885,2710.105258,34.450491,0
945.439933,177.327362,964.180723,-771.836481,-52.862191,130.804477,958.153186,22.447378,1
1295.019748,213.717749,1385.519402,-1103.662775,-31.592607,144.279832,1316.774306,26.91607,1
1311.543513,201.679996,1366.865215,-1108.010222,-50.489281,146.202409,1332.726494,26.431095,1
1434.86553,211.500724,1421.130367,-1223.087678,-44.738872,151.242677,1387.303415,27.539608,0
1102.259813,202.026406,1422.706533,-931.860655,-38.711336,135.827424,1374.988534,23.971583,1
1111.370401,190.023294,1189.866943,-931.999219,-45.033321,138.945116,1166.813347,24.21407,1
1395.859746,238.503396,1759.39989,-1188.896995,-41.898309,153.840753,1692.785216,27.712813,0
2418.72235,302.987648,3010.962483,-2151.570834,-54.663523,207.222559,2877.785096,37.031246,0
915.99507,160.803597,842.417551,-753.04373,-36.338426,117.848737,814.514213,22.014366,1
617.528074,132.657771,605.334437,-479.050612,-45.743462,100.597511,598.648721,17.788162,1
843.300897,162.916699,878.253682,-693.132092,-29.843235,115.267981,859.495572,20.905853,1
1276.434843,211.552686,1403.099718,-1081.405922,-53.433767,156.81988,1383.943236,26.084685,0
1161.703797,209.526186,1532.449273,-968.043196,-61.124073,145.474947,1494.500039,24.716365,0
324.18795,96.82164,299.211777,-227.937886,-34.138721,73.404313,302.72784,12.817176,1
928.136746,164.925878,913.29307,-761.58274,-56.967151,133.194707,922.507581,21.633315,1
627.314161,140.192192,596.58758,-484.974226,-46.592167,105.637779,604.312527,17.926726,1
698.830539,144.175909,675.430533,-551.346413,-40.547309,104.390702,656.603141,19.191123,1
1069.368169,205.55979,1416.80024,-892.439179,-38.797938,138.893154,1371.662996,24.092827,0
844.530653,165.497455,873.265376,-685.320543,-50.78373,127.859991,866.943391,21.252263,1
945.058882,168.095531,916.653249,-777.552249,-47.683359,130.267541,925.504029,22.066327,1
2878.58184,394.42261,4076.589422,-2581.344601,-48.324218,237.723973,3791.961513,41.811706,0
812.123983,163.488276,866.752865,-651.389668,-50.662486,118.64548,868.086544,20.490161,1
610.790397,138.75459,615.259088,-475.55187,-37.377656,97.895512,595.21926,18.06529,1
974.382502,173.083837,891.174782,-799.012358,-44.167296,127.49626,877.231773,22.966994,1
1260.759783,207.828776,1211.534899,-1059.079787,-41.014963,150.792343,1176.634075,26.050044,1
697.704706,140.936974,627.227559,-546.998966,-39.54272,104.026972,613.128665,19.329687,1
496.492364,125.885453,474.166229,-373.29159,-34.10408,87.330002,476.106126,15.934867,1
892.075448,170.79753,985.190499,-723.702789,-45.449013,118.818685,966.016697,21.754558,1
526.491484,123.824312,453.41626,-398.995224,-29.739312,87.572489,437.758521,16.541085,1
1352.904886,244.375048,1875.100884,-1154.29062,-47.406231,162.206558,1824.109308,27.314441,0
1538.546091,251.355213,2177.568916,-1316.982152,-52.82755,167.264146,2100.544617,29.150415,0
1898.708736,252.827456,2167.055368,-1668.242056,-48.185653,178.834246,2089.182364,32.285427,0
825.426133,164.094494,876.746798,-680.262955,-27.782095,115.406545,865.090096,20.507482,1
2075.689688,281.527538,2671.636409,-1838.225522,-43.110745,189.624922,2525.243475,33.930875,0
3338.406688,350.359237,3589.086401,-3020.176993,-41.499937,249.138188,3185.882294,45.275808,0
1272.988062,201.749278,1288.870967,-1092.213919,-27.695492,145.977242,1248.340979,25.998083,1
1107.819697,180.67022,1078.773204,-931.912617,-39.438797,136.312399,1068.779271,23.902301,1
1172.684999,196.258677,1240.598711,-991.235357,-40.963002,139.378128,1225.443267,24.716365,1
1143.621187,217.943953,1432.267454,-950.376278,-61.764932,146.444896,1434.588402,24.56048,0
2184.84353,287.39919,2651.683184,-1940.329917,-44.531026,190.975922,2522.298989,34.554414,0
1340.76321,207.863417,1315.163499,-1141.490764,-31.765812,148.384793,1250.921734,27.60889,1
2290.567911,289.910664,2728.222509,-2022.654292,-58.110305,204.797687,2641.464084,35.714888,0
926.335413,178.037503,935.012987,-767.627597,-30.969068,122.819723,916.826454,22.066327,1
1473.247776,241.828934,1983.873674,-1264.483692,-45.050642,159.279392,1917.58809,27.972621,0
1586.489258,250.506508,2008.330232,-1367.159664,-54.88869,172.183171,1958.377887,29.375582,0
1495.954962,223.850246,1592.326269,-1296.388068,-33.324658,157.651265,1549.042319,28.145826,1
2070.095164,282.151077,2731.218957,-1825.772077,-54.403716,191.079845,2634.605163,33.376619,0
1018.376593,179.215297,1096.613328,-840.252488,-57.902458,137.403591,1096.751892,22.82843,0
863.028956,165.254968,922.732747,-709.136242,-44.253898,123.183453,886.68877,21.286904,1
818.930942,156.594714,782.176824,-667.411138,-38.226361,117.450365,777.361723,20.472841,1
1342.391337,233.84418,1669.870184,-1146.44443,-37.083208,145.786716,1504.926985,28.578838,0
792.863578,149.874356,743.881181,-645.535336,-27.418364,109.915944,705.273768,20.611405,1
605.611565,131.272131,586.610968,-479.830035,-24.647083,92.04118,571.68069,17.407111,1
1590.178526,249.138188,2119.198804,-1378.97225,-43.803565,164.908557,2006.355694,29.566107,0
816.80052,159.729725,844.77314,-662.578716,-46.505564,123.183453,833.306964,20.749969,1
1032.111756,189.399756,1100.060109,-860.656046,-37.862631,132.051554,1085.233754,23.261442,1
733.540838,151.294638,746.946911,-591.529992,-36.043977,108.73815,732.709453,19.347008,1
884.852796,169.048159,874.564414,-725.209673,-28.752043,116.670942,838.364552,21.979725,1
885.147245,177.362003,1000.328623,-721.589687,-45.622218,132.190118,980.44468,21.789199,0
1363.764844,208.27911,1384.099121,-1164.786848,-44.167296,154.031278,1333.298071,27.210518,1
1271.411895,211.933737,1319.233818,-1083.328498,-34.346568,144.920691,1290.689621,25.963442,1
1165.774117,190.88932,1242.296121,-983.354525,-38.971143,135.862065,1219.329128,24.647083,1
1044.20147,177.60449,1048.878008,-865.956122,-41.898309,126.560953,1006.754532,23.53857,1
445.379545,111.682636,395.79093,-320.082989,-51.632435,92.699359,413.960143,15.397932,1
631.124673,136.173834,641.430376,-497.687479,-33.723029,98.796178,571.715331,18.567585,1
784.099401,150.082202,754.810421,-640.148658,-28.370992,108.114611,735.705901,19.935905,1
1081.076832,190.681473,1160.751169,-907.941033,-35.610965,132.934899,1132.553382,23.659814,1
932.744001,169.602415,955.070136,-767.7142,-43.768924,126.058658,947.622317,21.997045,1
1872.606731,258.577865,2241.44695,-1635.263808,-43.491796,178.331951,2091.589914,32.701119,0
1712.288108,234.069346,1767.748375,-1494.240232,-48.635987,172.235132,1705.931481,30.397492,1
909.950212,165.306929,912.097955,-756.074819,-32.008299,121.226236,899.038292,21.47743,1
754.152242,152.818843,801.489191,-614.133255,-31.679209,108.270496,781.120273,19.572174,1
858.889354,171.542312,916.861095,-694.985387,-45.518295,120.498775,874.599055,21.650635,1
2222.862045,286.204075,2590.697675,-1977.25724,-30.743902,186.593833,2381.968232,35.403119,0
2329.175323,335.151831,3853.743765,-2072.571996,-45.570257,204.88429,3696.681398,35.78417,0
942.737934,169.931505,929.557027,-768.701469,-49.813781,127.115209,919.701658,22.412737,1
3183.734551,357.96294,4153.284631,-2882.963928,-48.687948,232.216052,3991.615009,42.123476,0
1360.785717,201.298945,1336.103993,-1163.037476,-44.790834,149.268139,1324.984227,26.500377,1
738.338618,145.630832,715.146458,-603.169373,-20.992456,103.64592,696.422989,19.295046,1
1724.447105,253.139226,2165.531163,-1504.701819,-45.518295,171.698197,2064.812409,30.536056,0
1906.520285,296.977431,2848.149707,-1664.552788,-55.962562,181.70945,2662.629745,32.787722,0
1354.584975,205.040175,1360.906961,-1160.647246,-39.923771,150.238087,1331.791186,26.777505,1
940.330383,170.884133,945.543856,-783.458542,-27.193198,119.892557,919.892184,22.049007,1
1127.876845,223.29599,1692.386844,-947.154664,-51.788319,141.854961,1644.87669,24.352634,0
1453.935409,242.261946,1906.035311,-1256.446976,-29.479505,158.378726,1830.31005,28.093864,0
767.073341,140.850372,676.850815,-623.209201,-29.288979,105.274048,652.965834,19.814661,1
722.299828,141.941564,692.352669,-582.679212,-33.463222,104.408023,668.190561,19.225764,1
487.641584,114.765687,434.554227,-369.87945,-29.739312,82.895952,428.388126,15.588457,1
635.80121,140.174872,650.592924,-496.076672,-42.314001,104.511946,627.487367,18.584905,1
1631.990232,240.374011,1678.998091,-1409.352422,-49.190243,174.20967,1643.820139,29.895197,0
1053.693109,173.291683,1026.880962,-875.257235,-50.385358,130.648592,1028.890141,22.915032,1
1021.927297,170.693607,982.609744,-860.378918,-28.128505,123.010248,950.029868,22.84575,1
4212.676654,427.123729,5559.79649,-3861.191583,-56.690023,285.286089,5346.40783,49.190243,0
2517.986182,341.075445,3596.724745,-2224.923185,-57.746574,220.871119,3475.931522,39.109707,0
1502.987088,249.224791,2168.510291,-1294.119081,-56.828587,168.632467,2125.988443,28.526877,0
823.642121,155.070509,798.180974,-672.26088,-30.761222,111.47479,769.169123,20.732648,1
1402.008526,222.759054,1663.773365,-1192.413058,-48.566705,153.73683,1650.64442,27.539608,0
660.171165,145.873319,737.524554,-525.937228,-36.944644,102.26028,710.192793,18.446341,1
2008.416834,272.018579,2428.59504,-1771.385681,-45.587577,186.264744,2391.130781,32.614517,0
857.243906,165.237647,886.723411,-699.506039,-37.100528,115.458507,871.464043,20.940494,1
873.144133,155.001227,822.758775,-716.099086,-46.055231,124.846222,821.771506,21.044417,1
939.620243,170.018107,934.40677,-776.92871,-34.052119,120.758582,914.349621,22.100968,1
1220.004627,205.732995,1281.388508,-1018.705682,-64.363008,162.085315,1264.310487,27.071954,0
1020.888066,173.378286,984.341794,-844.790461,-40.772476,121.901736,910.002174,23.677135,1
604.139322,116.203289,506.694143,-475.967562,-36.199862,91.919936,487.901392,17.545675,1
967.333056,194.543947,1285.077776,-782.835003,-68.208161,139.482052,1271.134767,23.018955,0
1336.900736,229.704578,1336.987339,-1123.823846,-48.06441,155.12247,1314.591922,27.175877,0
1037.307908,178.158746,1024.854463,-867.566929,-38.1744,129.609362,1012.054607,23.001635,1
1176.963165,213.648467,1362.25796,-984.722846,-58.924368,151.796933,1310.504282,25.513108,0
1977.066715,252.862097,2114.885998,-1737.801216,-42.798975,175.439426,1993.93689,32.822363,0
2209.213485,319.719259,2901.410269,-1950.462414,-55.477587,202.909752,2828.83734,35.074029,0
1276.746612,228.180373,1781.864589,-1078.721243,-52.134729,154.828022,1773.308258,26.153967,0
934.40677,178.557118,1077.855218,-766.69229,-49.190243,128.933862,1057.607544,22.239532,1
1847.561276,270.6849,2131.721531,-1615.743596,-44.686911,179.111374,2074.598496,31.748491,0
3193.953651,344.470265,3423.467703,-2874.442238,-56.412895,243.73419,3294.776328,41.880989,0
1193.885301,243.266536,1948.574479,-996.951124,-72.538288,164.30234,1904.407183,25.876839,0
975.058002,186.264744,1153.078184,-804.017985,-42.764334,128.085157,1120.706155,22.793789,1
1412.175664,229.514053,1705.325264,-1212.470206,-35.10867,150.099523,1667.081582,27.297121,0
620.489881,131.029644,551.554259,-484.038919,-40.374104,101.273011,551.969951,17.788162,1
1756.282198,253.225828,2081.578661,-1532.553196,-43.405193,167.316108,1976.166048,30.778543,0
1067.653438,193.539357,1080.037602,-878.946503,-50.558563,138.650667,1080.002961,23.954263,1
1426.534366,222.811016,1614.548481,-1234.571175,-27.60889,148.003742,1580.08067,27.227839,1
2467.774029,307.439018,2854.939346,-2198.214962,-48.116371,205.57711,2673.905396,37.689426,0
871.983659,166.69257,923.650734,-709.846382,-43.405193,119.927198,915.752582,21.321545,1
4655.180994,372.789295,4340.484683,-4298.863502,-31.921696,272.451592,3417.336243,53.676255,0
1840.54647,236.269051,1749.475239,-1600.449587,-48.687948,171.178581,1666.527326,31.471363,0
1218.601666,220.715234,1369.775061,-1019.190657,-60.34465,154.08324,1350.237528,26.136647,0
1160.196913,202.909752,1276.989099,-974.832836,-46.626808,149.822395,1258.802565,25.357224,0
882.497207,167.38539,893.980704,-719.216777,-47.007859,127.426978,881.873669,21.80652,1
669.004624,145.093896,674.477905,-529.280086,-42.487206,106.01883,658.820166,18.602226,1
2355.086804,327.322962,3463.460756,-2094.707606,-49.553974,200.380958,3263.218362,36.580913,0
2339.966,343.777444,4244.858158,-2063.721217,-78.635107,208.538917,4099.140723,35.870772,0
1137.455086,195.66978,1218.705589,-963.020249,-28.405633,133.28131,1192.239853,24.577801,1
1125.573217,197.834843,1183.302471,-948.74815,-29.773953,134.545707,1151.761826,24.508519,1
654.975013,140.174872,628.873007,-514.020718,-39.715925,103.403433,623.451688,18.446341,1
1496.21477,243.820792,1859.599029,-1284.471558,-52.481139,166.640608,1827.556089,28.734723,0
1092.716213,192.707973,1209.889451,-918.298697,-40.945681,133.887527,1184.116535,23.746417,1
1270.771036,214.722339,1507.81951,-1088.559292,-29.32362,139.880423,1427.729481,26.050044,1
686.117286,143.812179,668.900701,-545.665286,-34.467811,103.99233,663.375459,18.74079,1
1354.342488,223.036182,1392.707413,-1159.105721,-33.39394,148.488716,1364.474985,27.141236,1
1000.605752,177.154157,1048.704802,-819.606442,-54.247831,130.89108,1047.890739,22.966994,1
1019.190657,202.927073,1193.17516,-834.034425,-52.204011,137.819283,1178.227562,23.763737,0
1746.582714,259.686378,2046.175542,-1517.778802,-42.989501,175.785836,2002.960874,30.709261,0
809.577868,156.386867,744.88577,-639.87153,-58.577958,115.57975,767.592956,20.12643,1
792.447885,152.455112,762.881778,-614.237178,-72.486326,116.151327,787.909912,20.022507,1
2517.379964,315.371811,3212.884966,-2238.069451,-64.692098,212.505314,3120.358812,36.858041,0
588.4123,129.055106,565.410666,-458.058157,-33.341978,92.456872,559.019398,17.181944,1
1200.501735,191.963191,1211.22313,-1010.77289,-52.550422,145.942601,1200.276569,25.132057,1
3158.46393,395.479161,5078.598134,-2846.90263,-59.599868,236.338333,4828.316793,42.764334,0
2491.555087,313.882247,3020.610006,-2226.360788,-45.310449,200.536843,2885.735209,37.117849,0
1240.910481,198.285176,1277.543355,-1036.112793,-70.286622,156.663996,1270.753716,25.668993,1
1790.923215,273.42154,2391.09614,-1527.460966,-77.595876,174.382875,2352.92174,31.869735,0
1147.726147,185.554603,1174.330448,-970.468067,-33.08217,132.657771,1135.723035,24.456557,1
961.374801,165.601378,927.807656,-800.380678,-35.385798,123.270056,924.689965,21.893122,1
802.545742,167.974287,790.577271,-645.119644,-48.462782,124.43053,789.693925,20.888533,1
1175.248434,191.824627,1200.865466,-982.505821,-45.67418,132.830976,1152.801056,24.906891,1
2224.143763,281.59682,2434.830423,-1962.604091,-52.879511,200.710048,2348.712857,35.022067,0
700.389385,141.335346,664.813061,-555.018361,-51.199422,112.895072,656.481897,18.983277,1
1083.72687,173.101158,1017.666452,-910.504469,-48.306897,140.157551,1018.376593,23.451968,1
1034.31146,203.689175,1098.986237,-862.595943,-30.622658,130.198259,1077.855218,23.763737,1
718.662521,150.982869,747.085475,-559.833462,-61.124073,115.631712,759.400356,19.225764,1
831.574913,158.309444,835.281502,-679.552814,-36.788759,117.848737,818.619173,20.767289,1
2603.341646,321.416668,3469.938626,-2322.697453,-46.626808,207.984661,3241.550407,38.451528,0
832.458259,162.483686,862.388097,-675.118764,-39.005784,112.791149,833.774618,20.836571,1
2315.266955,309.829248,3337.367458,-2054.95704,-44.201937,200.294355,3186.43655,36.546272,0
1803.359339,255.269648,2103.333219,-1579.266606,-43.370552,178.557118,2057.329949,30.917107,0
2243.83718,315.181285,3406.545567,-1991.91039,-42.469886,192.898498,3291.589355,35.299195,0
1201.67953,210.132404,1416.661676,-1014.912491,-38.261002,141.577833,1367.765882,25.599711,0
2322.073915,341.300612,3306.190543,-2042.105223,-62.73488,208.556238,3150.756304,36.390387,0
1414.254125,232.389257,1595.703768,-1206.858362,-39.19631,159.712405,1504.615216,28.544197,0
1530.786504,272.0359,2094.395837,-1303.246989,-54.646203,175.474067,1882.514061,30.380171,0
1469.714392,243.560985,1734.233192,-1233.462662,-85.805797,179.3019,1751.692264,28.30171,0
2461.036351,314.592388,3161.321813,-2185.380465,-67.809789,214.722339,3102.24156,36.338426,0
1808.330325,249.865649,2085.077403,-1578.365939,-54.594241,175.612631,2031.868802,31.072991,0
1839.888291,266.181568,2225.061749,-1605.801624,-47.129102,175.110337,2084.540467,32.06026,0
1487.0349,226.084592,1684.713859,-1281.873482,-54.88869,166.623288,1673.039837,27.816736,0
1801.055712,271.897336,2466.319106,-1570.55439,-50.731768,174.781247,2407.515982,30.986389,0
2692.78475,403.810325,5897.28659,-2406.303546,-81.631555,224.352541,5597.555197,38.364925,0
719.961559,152.004779,714.280433,-569.047972,-39.819848,107.300548,687.901299,19.728059,1
1122.61141,189.469038,1117.190091,-937.039487,-52.117409,140.625205,1098.605186,24.525839,1
1029.773487,174.902491,1016.59258,-861.037097,-41.084245,132.346002,1002.216559,23.070917,1
717.779175,148.713882,685.788197,-564.458038,-43.751603,109.153842,674.062213,19.745379,1
1251.995606,187.078808,1175.005947,-1067.792002,-35.870772,137.680719,1166.311052,25.097416,1
797.0205,154.256445,784.255285,-650.263835,-28.128505,110.141111,768.666828,20.247674,1
2837.740082,374.850436,4116.703718,-2547.846738,-48.73991,227.400951,3856.774854,40.58195,0
608.469449,132.415284,596.067965,-477.387844,-36.355746,97.618384,585.848865,17.580316,1
1929.608523,262.648184,2257.13933,-1689.979293,-60.136804,184.965706,2206.130434,32.129542,0
886.428962,154.308406,805.334343,-728.396647,-32.995568,112.565982,732.709453,21.893122,1
811.102073,151.450523,780.150325,-664.657177,-33.116811,112.132969,762.708573,20.230353,1
2118.124933,254.66343,2131.375121,-1875.429973,-42.088835,183.285616,2076.313226,33.341978,0
1140.486175,192.863857,1258.542758,-962.344749,-45.310449,139.239564,1240.87584,24.19675,1
1171.455243,192.829216,1147.067968,-992.569036,-37.689426,140.538603,1125.833025,24.837609,1
2189.62399,308.357005,2956.749293,-1926.179062,-62.180624,199.77474,2864.379023,34.918144,0
868.675442,164.908557,912.790776,-717.95238,-31.679209,114.142148,857.850124,21.529392,1
2203.515037,295.938201,2803.878488,-1952.956568,-49.502012,203.481329,2726.611702,35.056708,0
1582.921233,246.453509,1770.606259,-1362.916139,-43.405193,170.208633,1736.138447,29.496825,0
1040.477561,179.700271,1019.831515,-869.766634,-34.121401,129.332234,990.611818,23.296083,1
985.138538,167.679839,958.880648,-817.47602,-40.148938,123.703069,937.316615,22.447378,1
898.709203,178.141426,919.42453,-729.920851,-47.267667,124.603735,907.14429,21.789199,1
1035.31605,172.945273,995.028548,-871.550646,-27.002672,123.07953,976.70345,22.84575,1
810.443893,152.074061,738.529144,-651.199142,-38.728656,110.868572,696.907963,20.871212,1
810.824945,153.667548,770.173712,-656.551179,-45.379731,116.91343,764.180816,20.403559,1
1294.101761,198.423741,1314.591922,-1096.266918,-38.347605,143.604332,1194.785968,27.193198,1
1358.447448,213.319377,1383.406301,-1158.620747,-45.34509,153.40774,1358.568692,27.037313,1
1033.653281,175.023734,1002.285841,-863.098238,-34.606375,127.478939,982.315295,23.226801,1
880.158938,164.544827,873.109492,-721.173995,-44.704231,123.772351,871.845094,21.286904,1
993.850753,174.244311,951.034457,-829.583055,-30.414812,125.227273,935.012987,22.741827,1
1161.651836,185.77977,1139.810675,-987.424845,-29.427543,134.181976,1113.431541,24.54316,1
749.63159,142.582422,672.676572,-610.357384,-25.772916,104.477305,659.357101,19.450931,1
876.538952,164.163776,938.061397,-718.905008,-40.599271,117.069314,873.022889,21.702597,0
1254.455118,206.824187,1400.900014,-1065.938708,-43.768924,144.764806,1383.319698,25.56507,1
694.587015,137.71536,604.41645,-540.867506,-42.106155,98.605652,591.772479,18.965956,1
2332.293015,328.344872,3543.117773,-2076.624995,-45.379731,200.727368,3324.550282,36.425028,0
955.641713,172.581542,936.46791,-783.458542,-40.027694,122.161543,904.961906,22.689866,1
2393.382447,307.075288,2920.272303,-2121.138701,-50.887653,205.750315,2709.949373,37.256413,0
694.708258,138.096411,626.153687,-549.493119,-42.643091,107.179304,631.938737,18.706149,1
825.582017,161.340533,830.708888,-668.415727,-37.533541,112.617944,807.915099,20.871212,1
851.129767,158.049636,790.854399,-683.190121,-54.87137,119.944518,792.811616,20.871212,1
1076.071205,181.241797,1090.828278,-904.113201,-35.559003,129.990413,1075.413026,23.52125,1
524.118574,118.818685,475.56919,-403.931569,-34.935465,91.123193,476.5911,16.004149,1
1128.968037,187.563782,1204.312247,-959.867917,-29.462184,131.60122,1174.105281,23.936942,1
1062.145517,183.909155,1156.854055,-896.474857,-30.241607,125.712248,1106.693863,23.469288,1
853.831766,157.997675,811.500444,-694.535053,-46.107192,120.585377,816.142341,20.80193,1
1312.080448,203.394726,1443.941476,-1126.00623,-37.758708,144.730165,1405.420666,26.050044,1
1015.605312,180.497015,1065.505695,-850.869959,-28.492236,124.655697,1027.348616,23.17484,1
836.164848,160.093456,808.434714,-690.516695,-22.395417,110.747329,792.863578,20.594084,1
476.729664,108.253175,391.911136,-355.849838,-39.127028,84.350874,383.926382,15.709701,1
971.160888,166.70989,930.197886,-806.25233,-34.277285,119.805954,919.909504,22.083648,1
932.882565,161.444456,881.371374,-775.837518,-28.682761,116.047404,860.500162,21.598674,1
1984.358649,274.720579,2560.386786,-1746.703957,-43.231988,183.424181,2486.462857,32.787722,0
527.651958,131.514618,489.564161,-393.712469,-40.56463,94.812461,471.689396,17.268547,1
962.829723,159.383315,879.812528,-801.090819,-35.10867,119.165096,838.884168,22.326135,1
676.712251,139.256885,658.231268,-535.827238,-35.78417,104.009651,636.043698,18.965956,1
2433.739231,293.946343,2864.708113,-2173.60252,-39.837169,196.483844,2739.376916,36.182541,0
1017.649131,181.293758,1024.40413,-852.844497,-36.580913,133.731643,1008.832993,23.157519,1
2424.801849,329.921038,3337.038368,-2153.198961,-55.009934,216.419748,3235.50555,36.910003,0
928.084784,177.587169,994.197164,-767.956687,-37.16981,123.73771,976.149194,22.014366,1
989.122255,173.984504,980.531283,-820.195339,-36.702157,124.499812,963.470582,22.620584,1
1223.624614,193.054383,1292.144543,-1047.2672,-31.315479,139.464731,1256.689463,25.149378,1
904.147842,162.587609,888.905795,-742.980514,-38.659374,117.640891,876.417709,21.442789,1
1594.491332,250.974162,1917.207039,-1375.317623,-52.637024,172.391017,1863.669348,29.444864,0
1618.341672,222.759054,1673.195721,-1396.552566,-43.751603,162.310481,1588.186667,29.496825,0
1557.096355,241.898216,1843.196508,-1347.656772,-37.983874,165.566737,1794.733726,29.219697,0
1036.632408,193.470075,1083.432421,-857.38247,-38.087797,127.461619,1061.816427,23.642494,1
795.288449,149.268139,730.284582,-639.906171,-44.877436,114.401956,720.290649,20.230353,1
798.977717,159.954892,834.848489,-651.580193,-38.399566,115.90884,826.36144,20.091789,1
939.135268,165.116403,914.99048,-774.018865,-49.450051,129.19367,918.991517,21.841161,1
1784.774434,274.027758,2330.439721,-1558.118265,-57.365523,183.216334,2207.169665,31.315479,0
1036.372601,172.84135,991.079472,-867.064634,-29.392902,127.011286,971.871029,23.296083,1
2104.233885,309.049826,3216.937965,-1856.256171,-59.461304,201.091099,3090.203807,34.589055,0
649.76154,138.650667,636.216903,-511.37068,-46.644128,109.292406,634.935185,18.186533,1
3294.620444,389.815355,5019.743048,-2985.033682,-53.139319,236.805986,4748.192122,42.798975,0
1273.6116,216.714197,1481.093966,-1082.860844,-37.239092,145.57887,1436.545619,26.292531,1
592.569222,138.581385,589.468851,-457.83299,-40.045015,100.077896,590.594684,17.614957,1
771.351507,155.988496,747.276,-622.897432,-34.537093,112.427418,742.374297,19.918584,1
2293.183308,303.230135,2641.3082,-2033.999225,-59.842355,211.812493,2548.989891,35.749529,0
857.815483,164.839275,883.328591,-702.485167,-31.592607,113.206841,850.921921,21.13102,1
671.637342,136.381681,602.459232,-535.844558,-33.948196,104.113574,584.255378,18.792751,1
903.922675,168.840313,948.661548,-740.417079,-47.025179,125.140671,942.339562,21.650635,1
1322.472753,222.741734,1520.255635,-1133.1596,-31.03835,143.257922,1474.338968,26.6043,1
823.815326,156.594714,808.313471,-670.961842,-36.165221,114.055546,801.974165,20.420879,1
872.72844,162.864737,849.501639,-714.938612,-30.847825,116.618981,812.141303,21.875802,1
856.758932,163.903968,925.590631,-700.787757,-34.311926,111.041777,893.668935,20.975135,1
1499.661551,232.112129,1570.814198,-1282.393097,-41.794386,165.306929,1495.400706,29.098454,0
3783.335899,440.408559,5604.344837,-3451.786734,-40.633912,265.471427,5335.166821,47.215705,0
1410.893947,233.567051,1786.783613,-1198.908248,-57.590689,154.914624,1708.009942,27.678172,0
789.555361,155.953855,777.171197,-643.093144,-27.504967,106.001509,734.718632,20.316956,1
983.371846,173.568811,930.908027,-810.807624,-38.901861,124.932825,899.800395,22.811109,1
1034.224858,183.354898,1003.740763,-856.984099,-43.058783,134.563027,985.623512,23.746417,1
1181.535779,189.278512,1182.557689,-1002.545648,-44.427103,144.678204,1166.016604,24.699045,1
515.683487,126.47435,507.352323,-392.638598,-30.761222,85.338143,469.974666,16.645008,1
586.039391,145.526909,734.095094,-452.965927,-43.491796,97.531781,707.767921,17.476393,1
989.468665,170.46844,999.670444,-822.360403,-36.47699,119.892557,964.683018,22.430058,1
1093.443675,181.432322,1048.531597,-911.024084,-50.679807,136.901296,1038.72819,23.86766,1
1001.835508,172.061927,981.414629,-829.617696,-45.119924,131.202849,973.256669,22.915032,1
1636.216436,229.167642,1732.102769,-1422.308162,-44.167296,167.420031,1688.662935,29.531466,1
1104.684685,184.584655,1135.168779,-928.29263,-37.672105,132.311361,1125.434653,23.884981,1
2471.272772,313.102824,3072.450287,-2203.099345,-45.604898,202.805829,2956.731972,36.875362,0
2369.116415,309.049826,2869.783022,-2093.737657,-58.422074,206.495097,2713.829167,37.412297,0
929.487745,182.419591,1061.643222,-763.886368,-41.742424,123.980197,1048.687482,22.031686,1
2921.761866,381.397588,5434.222806,-2649.5008,-45.743462,219.745286,5054.817077,39.941092,0
2821.99574,374.781154,3849.673445,-2529.660204,-44.496385,221.338773,3630.846146,40.547309,0
1644.495639,250.697034,1992.793736,-1416.384548,-53.624293,172.564222,1937.71452,29.912517,0
1401.956565,206.668302,1418.029996,-1210.530309,-27.314441,146.427575,1387.182171,27.002672,1
2645.465121,298.29379,2657.953208,-2376.339067,-37.689426,218.290363,2590.108778,38.087797,0
2545.733636,323.616373,3365.877014,-2282.929567,-40.062335,206.217969,3236.302293,37.308374,0
1155.070043,194.630549,1150.618672,-975.820104,-35.074029,134.822835,1136.259971,24.473878,1
1549.787101,223.122785,1487.467913,-1338.494223,-33.134132,160.613071,1465.297663,28.925248,1
707.681319,149.112254,588.724069,-552.61081,-39.473438,106.971458,596.137247,19.191123,1
1122.213039,189.55564,1140.728662,-926.56058,-61.799573,137.594116,1152.177518,23.971583,1
1158.412901,192.500127,1128.136652,-979.890424,-34.069439,136.260437,1117.311335,24.56048,1
753.130332,176.530618,843.162333,-594.128068,-56.811266,130.9084,854.593868,21.356186,0
795.721462,164.99516,808.919689,-648.116092,-35.628285,119.269019,795.756103,20.472841,1
767.870085,155.520842,757.84151,-621.251984,-36.165221,112.721867,753.164973,19.831982,1
912.028673,169.879543,817.389417,-738.321298,-49.709858,125.365837,828.768991,21.789199,1
941.386934,185.069629,1021.70213,-772.563942,-40.148938,127.028606,1005.940468,22.724507,1
1086.931164,189.469038,1073.49045,-915.250288,-30.137684,131.133567,1053.000288,23.902301,1
1314.020345,199.584215,1283.536251,-1113.604746,-54.923331,150.861625,1255.234541,26.327172,0
936.641115,171.646235,905.689367,-776.92871,-33.428581,123.425941,882.410604,22.118289,1
1186.35088,195.635139,1280.453201,-1006.321519,-34.641016,134.805514,1250.038388,24.768327,1
806.113766,156.057778,766.068752,-653.606693,-32.857004,112.462059,738.927516,20.732648,1
2256.827561,275.10163,2254.922305,-1997.868645,-52.654345,200.346317,2151.865282,35.333836,0
670.788637,143.708256,674.270059,-536.693263,-27.227839,101.221049,661.747332,18.515623,1
501.359427,122.455992,524.257138,-380.202473,-39.785207,89.460424,498.189774,16.36788,1
1467.220239,270.806144,2329.469772,-1257.087835,-50.887653,165.168365,2236.926297,28.64812,0
2687.259507,333.922075,3591.857683,-2399.167497,-49.640576,222.187478,3462.941141,39.438797,0
907.958354,171.178581,945.509215,-744.903091,-44.842795,127.236452,929.608989,21.875802,1
1210.374425,188.481769,1166.345693,-1028.041436,-43.959449,144.53964,1162.81231,24.87225,1
1119.18195,189.780807,1146.13266,-935.965615,-47.111782,142.686346,1135.134138,24.283352,1
1024.282886,177.25808,1009.162083,-852.186318,-36.528952,126.872722,969.983093,23.19216,1
776.720864,157.945713,844.461371,-630.310609,-35.333836,111.422828,836.996232,19.866623,1
878.322965,167.506634,951.432829,-719.961559,-42.556488,121.34748,929.089374,21.408148,1
1937.160264,288.992677,2241.585514,-1685.839692,-48.116371,194.803754,2185.640273,32.701119,0
898.501356,170.693607,1006.962378,-749.527666,-35.022067,126.266504,987.372883,21.425468,1
1055.459801,187.130769,1057.226492,-880.003054,-42.660411,133.454515,1041.222343,23.417327,1
1023.157053,176.23617,989.174216,-852.60201,-39.941092,132.796335,985.450307,23.157519,1
948.05533,165.532096,915.388852,-788.221682,-29.288979,116.463096,870.32089,22.222212,1
762.673932,159.365995,792.742334,-611.535179,-44.427103,113.951623,772.771788,19.953225,1
1566.241584,227.643438,1636.077872,-1360.854999,-33.930875,159.989533,1603.082304,28.752043,1
1034.29414,178.020182,1093.703482,-857.070701,-46.851974,129.384195,1046.349213,23.555891,1
1921.69305,268.97017,2323.702043,-1682.860565,-43.942129,179.734912,2249.258499,32.649158,0
943.067024,172.408337,1028.335885,-779.197697,-50.073589,132.467246,1011.153941,22.239532,1
817.857071,164.371622,860.049828,-664.553254,-63.029329,137.507514,878.322965,20.334276,1
769.099841,155.209073,790.161578,-619.589215,-45.933987,119.511506,792.049514,19.831982,1
569.013331,129.747926,489.408276,-429.843049,-48.635987,97.549101,508.841886,16.904816,1
1370.415919,214.618416,1473.38634,-1165.115937,-54.611562,158.274803,1451.493218,27.210518,1
1413.682549,214.150762,1575.369492,-1197.349403,-64.016598,152.316548,1533.627067,27.210518,0
883.553758,165.999749,879.396836,-716.58406,-47.250346,121.156954,870.857826,21.581353,1
572.806523,130.423426,584.549827,-437.100342,-54.317113,102.156357,577.916072,17.355149,1
1569.238032,297.012072,3005.021549,-1356.091859,-47.804602,159.799008,2720.913255,30.01644,0
997.332176,173.551491,974.832836,-837.238719,-29.410223,125.45244,950.913214,22.759148,1
781.466683,153.75415,762.656612,-624.52556,-50.264114,115.614391,759.434997,20.12643,1
838.070104,167.36807,875.014747,-678.981237,-46.834654,121.208916,865.384545,20.957815,1
1306.555206,220.645952,1394.924438,-1114.453451,-31.817773,150.740382,1314.990294,27.175877,1
837.654412,160.855558,810.236047,-680.401519,-34.138721,115.943481,795.444333,21.044417,1
1151.398095,197.852164,1207.464579,-964.457851,-44.115334,141.47391,1193.261763,24.681724,1
608.919782,138.252295,635.939775,-471.654755,-40.304822,95.574564,583.216148,18.480982,1
641.56894,136.191155,619.156202,-497.670159,-50.281435,104.563907,630.882186,17.892085,1
694.656297,157.374136,743.707976,-553.476836,-37.446938,109.067239,725.867852,19.381649,1
742.408938,160.959482,811.188675,-587.944647,-55.616151,116.792186,811.864175,19.606815,1
782.055581,146.427575,713.760817,-632.977968,-35.264554,108.495663,711.768959,19.693418,1
1008.451942,174.486798,1002.026033,-839.143975,-36.442349,122.992928,975.352451,22.811109,1
1363.401114,241.759652,1420.714675,-1147.899352,-47.579436,158.759777,1399.462411,27.504967,0
951.294265,174.313593,875.465081,-781.951658,-39.837169,127.84267,865.765596,22.378096,1
2396.89851,286.273357,2553.250736,-2132.570236,-43.353232,205.074816,2469.83517,36.165221,0
2136.883043,281.094526,2754.809489,-1887.415765,-53.53769,195.219447,2595.564738,34.675657,0
1331.150328,201.835881,1336.883416,-1138.563598,-35.662926,143.881461,1304.407463,26.638941,1
1196.085006,219.935812,1476.989006,-1005.507455,-53.329844,152.03942,1472.01802,25.253301,0
1025.044988,185.79709,1065.938708,-849.311113,-42.348642,128.137119,1038.884074,23.348045,1
1214.063693,197.852164,1285.87452,-1032.648691,-37.481579,139.741859,1241.447416,25.270621,1
1179.924972,195.894946,1272.918779,-995.322997,-48.618666,143.153999,1245.30989,24.87225,1
1205.576644,190.387025,1184.168496,-1024.40413,-33.480542,136.416322,1159.105721,24.924211,1
767.679559,172.945273,797.834563,-615.484254,-46.522885,121.070351,792.95018,20.299635,1
1803.411301,257.192224,2192.239387,-1567.021007,-61.383881,180.808784,2122.074008,31.575286,0
1167.748654,192.656011,1217.216026,-988.256229,-30.466774,131.116246,1172.338589,24.802968,1
706.122473,134.095374,612.59173,-563.107038,-40.529989,105.204766,610.721115,18.792751,1
1918.194308,261.175941,2231.071966,-1686.238064,-38.105118,180.219887,2174.95352,32.285427,0
898.709203,165.099083,858.473662,-723.165853,-52.619704,122.178864,855.615778,21.650635,1
1903.333312,280.817397,2453.068918,-1652.965368,-66.649315,189.434397,2411.88075,32.06026,0
1334.752993,208.036622,1423.382033,-1139.135175,-39.456117,148.350152,1401.436949,26.465736,1
1305.810424,210.149724,1414.617856,-1111.145234,-49.190243,152.888125,1397.765002,26.084685,1
2636.406496,325.625552,3482.721161,-2363.50457,-55.408305,221.009683,3359.555028,38.19172,0
881.371374,162.760814,850.315703,-713.17192,-48.826512,123.218094,842.798602,21.754558,1
2284.090041,273.819912,2441.325613,-2021.770946,-53.641614,196.241356,2363.106199,34.970106,0
899.332741,165.289609,862.457379,-720.273328,-65.714008,128.119798,882.289361,21.529392,1
1278.322778,202.563342,1294.794581,-1092.698893,-29.375582,141.49123,1253.433208,26.015403,1
993.244536,179.423143,1081.215396,-825.045082,-38.399566,125.660286,1073.16136,22.482019,1
1114.557374,187.373256,1173.169973,-915.094403,-72.157237,144.227871,1171.264718,24.092827,1
848.566332,165.081762,867.203198,-672.295521,-67.359456,124.967466,873.178774,21.096379,1
1077.214359,178.730323,1059.980453,-890.187513,-59.426663,137.490193,1064.934119,23.486609,1
1043.976304,178.158746,1055.962095,-859.530213,-55.339023,131.324092,1051.077712,23.244122,1
610.582551,131.861028,559.192603,-457.867631,-64.068559,104.286779,585.710301,17.476393,1
1804.900865,291.14042,2823.416021,-1567.055648,-59.755753,173.568811,2653.917529,31.661889,0
4655.821853,480.557497,7357.578625,-4288.038184,-54.143908,280.072616,6428.108201,52.49846,0
1278.790432,197.349869,1242.018993,-1073.732937,-55.477587,142.634384,1236.043418,25.668993,1
842.677359,162.050674,836.424655,-684.160069,-41.707783,116.91343,834.276912,20.80193,1
1076.504218,186.403308,1172.563756,-899.99092,-41.447976,132.172797,1160.959015,23.53857,1
1090.810958,220.975042,1249.449491,-906.018457,-44.132655,135.896706,1228.439715,24.56048,1
1078.825166,196.310639,1172.303948,-894.950652,-44.149975,133.29863,1145.266635,23.971583,1
601.506604,137.698039,632.648878,-466.70109,-42.850937,99.229191,621.234663,17.632277,1
1904.528427,276.920283,2468.432208,-1659.737686,-49.883063,183.147052,2306.537419,33.047529,0
840.287129,169.931505,890.811051,-679.327647,-44.080693,123.339338,865.488468,21.494751,1
607.170411,137.282347,639.594402,-470.892653,-44.479065,100.89196,626.759905,17.753521,1
912.288481,167.454672,945.717061,-735.047722,-57.815856,119.719352,904.373009,22.187571,1
1356.715398,219.156389,1564.786661,-1164.267232,-31.557966,146.029204,1529.037132,26.846788,1
940.105217,162.327802,923.061837,-760.54351,-66.077738,125.660286,906.364867,22.17025,1
743.465489,157.928393,735.827145,-594.994093,-33.601786,108.772791,732.622851,19.953225,1
1021.459643,182.921886,1038.416421,-851.268331,-33.567145,126.872722,1028.18,23.018955,1
1231.089752,217.095248,1412.435472,-1036.909536,-47.198385,146.081165,1380.496455,25.963442,1
1192.187891,198.389099,1231.782573,-1010.132031,-37.810669,138.269616,1219.987307,24.768327,1
829.357888,160.076136,792.170757,-677.872725,-38.053156,120.048441,784.116721,20.698007,1
1603.307471,238.156986,1616.072685,-1380.392532,-39.87181,167.0563,1569.203391,29.514146,0
924.066426,172.910632,921.069978,-759.175189,-48.376179,130.752515,919.164723,21.979725,1
1197.834377,203.342765,1416.765599,-1012.366377,-45.812744,141.023577,1388.446568,24.958852,1
1097.35811,186.819,1135.584471,-922.611504,-31.748491,134.493745,1120.22118,24.179429,1
1141.075072,188.031436,1172.217346,-960.197006,-40.807117,137.576796,1152.420005,24.456557,1
1472.173904,221.529298,1482.739414,-1274.97992,-24.612442,155.035868,1454.766794,28.093864,1
969.307593,189.226551,990.836985,-798.856473,-36.425028,128.743337,952.368137,23.105558,1
1316.635742,207.2572,1420.835918,-1125.867666,-44.115334,151.900856,1403.913782,26.171288,1
2243.248283,297.930059,2994.629244,-1990.611352,-52.550422,206.720264,2895.417373,35.195272,0
858.958636,168.251415,935.168872,-702.242679,-37.4989,118.714762,903.541624,21.234943,1
1670.822812,248.445368,1860.98467,-1451.008244,-46.02059,166.727211,1836.562753,29.929838,0
943.27487,179.925438,1044.980893,-770.901173,-55.546869,129.903811,1046.730265,21.962404,1
1916.791347,249.276752,2094.395837,-1697.184625,-31.939017,175.370144,2006.89263,31.990978,1
1949.30194,277.474539,2455.424507,-1710.573378,-45.119924,181.570886,2313.413661,32.978247,0
963.193454,163.228468,918.03889,-807.066394,-28.457595,120.117724,881.527259,22.326135,1
1078.548038,185.364077,1096.370841,-899.852356,-49.43273,135.515655,1076.885269,23.711776,1
1345.803477,202.944393,1333.835006,-1147.085288,-49.380769,154.221804,1318.575639,26.431095,1
984.237871,185.987616,1081.527165,-810.236047,-38.399566,127.305734,1064.760913,23.105558,1
970.762516,181.051271,1031.782666,-802.649665,-42.192758,129.21099,1030.327743,22.395417,1
2059.962666,283.917768,2762.932807,-1820.887693,-39.594681,185.468,2604.536761,33.965516,0
2525.018308,316.35908,3030.465375,-2251.146435,-53.19128,217.926633,2917.46638,37.256413,0
1365.046562,214.670377,1474.720019,-1166.328373,-35.403119,150.238087,1423.035623,27.227839,1
1191.962725,205.022854,1331.773866,-991.876215,-57.123036,149.112254,1296.041658,25.599711,0
965.601005,170.035428,941.023204,-798.562025,-37.221772,126.80344,923.009875,22.603263,1
3176.840989,405.161325,4815.776745,-2879.759634,-41.170848,227.782002,4505.583766,42.850937,0
537.143596,133.922168,507.646771,-410.166952,-28.544197,95.12423,484.125521,17.666918,1
582.990981,134.892117,553.944489,-451.285838,-31.436722,101.654062,536.693263,18.117251,1
922.334376,167.350749,872.156864,-751.294358,-41.984912,122.73312,869.749313,21.979725,1
758.066677,149.233498,695.626245,-606.737398,-36.061298,109.604175,689.737273,19.970546,1
1601.194369,217.666825,1605.403253,-1393.400234,-30.778543,155.79797,1571.056685,28.873287,1
1446.45295,227.452912,1539.238912,-1227.9201,-62.856124,173.309004,1517.848084,28.30171,0
870.009121,160.110777,810.772983,-713.1546,-30.501415,116.134007,797.280307,21.286904,1
1342.893632,200.77933,1312.063128,-1154.550427,-30.518735,142.461179,1280.002867,26.25789,1
1117.727027,217.943953,1434.623043,-929.782194,-51.303345,144.86873,1403.082398,24.612442,0
1304.338181,212.193544,1488.299297,-1118.333245,-29.912517,143.067397,1427.868045,26.379134,1
1384.116441,221.182888,1652.255227,-1184.549547,-48.618666,156.81988,1607.429752,27.193198,0
803.481049,155.070509,809.006291,-646.990259,-40.010374,113.068277,796.448923,20.4382,1
2031.349187,276.521911,2572.078129,-1787.770882,-45.397052,185.762449,2468.259003,33.047529,0
2328.742311,311.041684,2841.44667,-2068.657562,-43.682321,198.770151,2746.66885,35.922734,0
1000.242021,192.361563,1148.592173,-824.31762,-42.296681,133.333271,1108.166107,23.833019,1
998.076957,182.610117,1065.436413,-827.954927,-37.793349,128.310324,1030.345064,23.244122,1
550.22058,131.774425,551.121246,-424.369768,-31.142274,93.322898,530.475201,17.285867,1
3475.498509,397.50566,4571.159209,-3152.263188,-46.436282,250.974162,4332.742416,45.154565,0
795.548256,149.943638,729.037505,-639.681004,-45.916667,114.748366,737.974888,19.935905,1
1142.599277,193.885767,1195.21898,-958.534237,-44.427103,140.919654,1168.995731,24.88957,1
616.817934,143.742897,629.479225,-482.549355,-39.958412,103.836446,624.923931,18.013328,1
477.59569,123.3913,460.708194,-361.548286,-32.094901,88.109425,463.843206,15.571137,1
1105.810518,198.804792,1227.002113,-922.767388,-43.613039,138.338898,1217.822243,24.352634,1
948.05533,171.611594,966.952004,-790.802437,-33.41126,126.768799,961.946378,22.031686,1
1185.623419,183.441501,1128.638947,-1010.876813,-26.725544,134.597668,1053.173494,25.426506,1
905.79329,170.658966,946.236677,-748.60968,-27.470326,116.982712,919.389889,21.719917,1
863.86034,170.45112,928.344592,-705.239127,-48.532064,127.911952,902.640958,21.564033,1
850.973882,169.481172,924.343554,-687.347042,-50.056268,124.326607,926.075605,21.217622,1
1148.644134,198.874074,1328.586892,-969.18635,-35.056708,134.181976,1308.789552,24.439237,1
2483.345166,295.834278,2836.943338,-2216.869149,-46.938577,207.118636,2674.286447,37.377656,0
755.763049,148.765844,679.206404,-605.195873,-46.003269,118.264429,687.537568,19.814661,1
2504.302981,311.474697,3124.273247,-2230.708235,-43.994091,209.31834,2980.218581,37.343015,0
1253.242682,202.320855,1227.140677,-1054.680378,-59.374702,157.097008,1228.422394,25.530429,0
836.043604,166.086352,809.404663,-664.691818,-55.858639,124.291966,807.430125,21.598674,1
392.638598,109.915944,389.278419,-268.034862,-53.797498,77.959607,395.409879,14.272099,1
378.834153,105.429933,345.561457,-253.29511,-55.460267,80.609645,366.086259,14.376022,1
827.123543,153.563625,778.868607,-675.742302,-34.208003,117.398404,755.988216,20.975135,1
1302.831297,219.953132,1371.47247,-1094.933239,-54.992613,151.606407,1360.075576,26.344493,1
1322.005099,209.197097,1401.090539,-1116.306745,-55.927921,149.406703,1382.990608,26.379134,1
1079.466025,180.32381,1049.155136,-886.619488,-64.43229,139.066359,1058.733377,23.642494,1
1168.28559,194.076293,1173.897435,-978.712629,-42.989501,137.524834,1151.848428,24.976173,1
1143.74243,190.369704,1237.238533,-954.793008,-50.489281,136.502924,1209.075387,24.56048,1
675.724982,139.43009,647.007579,-536.087045,-37.914592,103.749843,643.266349,18.480982,1
669.576201,139.239564,599.047092,-528.448701,-38.312964,105.031561,605.473001,18.463662,1
600.484694,134.164656,603.273296,-463.63536,-44.479065,98.830819,598.371592,17.528354,1
745.509309,160.803597,839.698232,-587.563595,-54.646203,111.699957,817.579943,20.039828,1
742.963194,144.903371,689.927798,-589.451531,-43.093424,104.581228,677.491673,19.554854,1
779.180376,151.589087,726.733878,-618.965677,-49.034358,113.657174,724.274366,20.195712,1
1020.489695,172.391017,989.936319,-831.037977,-62.475073,129.314913,996.760599,22.776468,1
559.452411,121.901736,485.078149,-422.568436,-43.543757,90.499655,480.574817,16.887495,1
1033.63596,173.949863,992.343869,-842.902526,-62.024739,131.5839,1001.835508,22.984314,1
670.372945,134.597668,576.894162,-512.583116,-60.569817,107.698919,593.573812,18.602226,1
651.857321,131.60122,579.578841,-509.586668,-39.837169,99.315793,571.594087,18.377059,1
572.425471,126.457029,529.158842,-426.725357,-59.513266,95.972935,521.347293,17.459072,1
1305.134925,206.980072,1248.652748,-1100.406519,-47.215705,148.835126,1235.904854,26.396454,1
827.937607,157.599303,776.997992,-662.145703,-64.43229,131.185528,791.23545,20.819251,1
1198.146146,195.409972,1190.871533,-995.271035,-57.504087,143.309884,1171.576487,25.547749,1
790.871719,142.911512,714.228471,-624.490919,-66.510751,117.62357,721.329879,20.091789,1
1420.870559,247.388817,1537.645425,-1189.572495,-73.941249,172.789389,1544.435064,28.215108,0
2580.963549,344.885957,3134.977321,-2290.845039,-50.766409,216.696877,2943.845514,38.555451,0
2807.775603,323.010155,3501.028938,-2524.793142,-45.604898,212.990288,3235.19378,39.612002,0
2411.447737,299.194456,2966.085046,-2139.203991,-66.198982,207.880738,2825.73697,36.511631,0
1673.871221,246.505471,1916.254411,-1439.074413,-59.062933,168.043569,1862.00658,30.189646,0
2433.843154,352.888032,3121.207517,-2141.767426,-68.121558,222.516567,3003.497344,38.451528,0
396.414468,113.449328,425.876653,-273.456181,-52.775588,78.600466,431.194049,14.272099,1
